Metric,Count
Total Invocations,297
✅ Match (≥85%),132
⚠️ Partial (60–85%),31
❌ Mismatch (<60%),80
🔇 No Audio / Stub,54
#,Audio File,Chapter,Invocation Name,Better Invocation Name,Arabic (Data),STT Result,Score,Status
1,`/audios/001_01.mp3`,Upon Waking Up,Upon Waking Up (1),Praise for Life,(.الْحَمْدُ للَّهِ الَّذِي أَحْيَانَا بَعْدَ مَا أَمَاتَنَا، وَإِلَيْهِ النُّشُورُ ),2. الحمد لله الذي أحيانا بعد ما أماتنا وإليه نشور,96.8%,✅ Match
2,`/audios/001_02.mp3`,Upon Waking Up,Upon Waking Up (2),Declaration of Oneness,لاَ إِلَهَ إِلاَّ اللَّهُ وَحْدَهُ لاَ شَريكَ لَهُ، لَهُ الْمُلْكُ وَلَهُ الْحَمْدُ، وَهُوَ عَلَى كُلِّ شَيْءٍ قَدِيرٌ،,2. لا إله إلا الله وحده لا شريك له له الملك وله الحمد وهو على كل شيء قدير 3. سبحان الله والحمد لله ولا إله إلا الله والل,97.1%,✅ Match
3,`/audios/001_03.mp3`,Upon Waking Up,Upon Waking Up (3),Praise for Health,( الْحَمْدُ لِلَّهِ الَّذِي عَافَانِي فِي جَسَدِي، وَرَدَّ عَلَيَّ رُوحِي، وَأَذِنَ لي بِذِكْرِهِ ),الحمد لله الذي عافاني في جسدي ورد عليه روحي وأذن لي بذكره,97.4%,✅ Match
4,`/audios/001_04.mp3`,Upon Waking Up,Upon Waking Up (4),Creation of Heavens & Earth,﴿ إِنَّ فِي خَلْقِ السَّمَوَاتِ وَالأَرْضِ وَاخْتِلاَفِ اللَّيْلِ وَالنَّهَارِ لَآيَاتٍ لأُوْلِي الألْبَابِ * الَّذِينَ,2. بسم الله الرحمن الرحيم 3. إن في خلق السماوات والأرض واختلاف الليل والنهار لآيات لأولي الألباب 4. الذين يذكرون الله قي,52.9%,❌ Mismatch
5,`/audios/002_01.mp3`,Getting Dressed,Getting Dressed,Getting Dressed,(الْحَمْدُ للَّهِ الَّذِي كَسَانِي هَذَا (الثَّوْبَ) وَرَزَقَنِيهِ مِنْ غَيْرِ حَوْلٍ مِنِّي وَلاَ قُوَّة...),الحمد لله الذي كساني هذا الثوب ورزقنيه من غير حول مني ولا قوة,100.0%,✅ Match
6,`/audios/003_01.mp3`,New Clothes,New Clothes,New Clothes,( اللَّهُمَّ لَكَ الْحَمْدُ أَنْتَ كَسَوْتَنِيهِ، أَسْأَلُكَ مِنْ خَيْرِهِ وَخَيْرِ مَا صُنِعَ لَهُ، وَأَعُوذُ بِكَ مِنْ,الله ملك الحمد أنتك سوتنيه أسألك من خيره وخير ما صني عليه وأعوذ بك من شره وشر ما صني عليه,92.0%,✅ Match
7,`/audios/004_01.mp3`,New Clothes (Others),New Clothes (Others) (1),May you wear it out...,(تُبْلِي وَيُخْلِفُ اللَّهُ تَعَالَى),تبلي ويخلف الله تعالى,100.0%,✅ Match
8,`/audios/004_02.mp3`,New Clothes (Others),New Clothes (Others) (2),"Wear anew, live commendably and...",(اِلْبَسْ جَدِيداً وَعِشْ حَمِيداً وَمُتْ شَهِيداً).,إلبس جديدًا وعش حميدًا ومتشهيدًا,94.9%,✅ Match
9,`/audios/005_01.mp3`,Undressing,Before Eating,Before Eating,(بِسْمِ اللَّهِ).,بسم الله,100.0%,✅ Match
10,`/audios/006_01.mp3`,Entering Restroom,Before Eating,Before Eating,([بِسْمِ اللَّهِ] اللَّهُمَّ إِنِّي أَعُوذُ بِكَ مِنَ الْخُبْثِ وَالْخَبائِث).,بسم الله اللهم إني أعوذ بك من الخبث والخبائف,97.7%,✅ Match
11,`/audios/007_01.mp3`,Leaving Restroom,Leaving Toilet,Leaving Toilet,(غُفْرَانَكَ).,لفرانك,83.3%,⚠️ Partial
12,`/audios/008_01.mp3`,Before Ablution,Before Eating,Before Eating,(بِسْمِ اللَّهِ).,بسم الله,100.0%,✅ Match
13,`/audios/009_01.mp3`,After Ablution,La ilaha illallah,La ilaha illallah,(أَشْهَدُ أَنْ لاَ إِلَهَ إِلاَّ اللَّهُ وَحْدَهُ لاَ شَرِيكَ لَهُ وَأَشْهَدُ أَنَّ مُحَمَّداً عَبْدُهُ وَرَسُولُهُ..).,9 أشهد أن لا إله إلا الله وحده لا شريك له وأشهد أن محمد عبده ورسوله,99.2%,✅ Match
14,`/audios/009_02.mp3`,After Ablution,After Ablution (2),"O Allah, make me of...",(اللَّهُمَّ اجْعَلْنِي مِنَ التَّوَّابِينَ وَاجْعَلْنِي مِنَ الْمُتَطَهِّرِينَ),الله مجعلني من التوابين وجعلني من المتطهرين,95.5%,✅ Match
15,`/audios/009_03.mp3`,After Ablution,After Ablution (3),How perfect You are O...,(سُبْحانَكَ اللَّهُمَّ وَبِحَمْدِكَ، أَشْهَدُ أَنْ لاَ إِلَهَ إِلاَّ أَنْتَ، أَسْتَغْفِرُكَ وَأَتوبُ إِلَيْكَ).,سبحانك اللهم وبحمدك أشهد أن لا إله إلا أنت أستغفرك وأتوب إليك,98.4%,✅ Match
16,`/audios/010_01.mp3`,Leaving Home,Before Eating,Before Eating,(بِسْمِ اللَّهِ، تَوَكَّلْتُ عَلَى اللَّهِ، وَلَاَ حَوْلَ وَلَا قُوَّةَ إِلاَّ بِاللَّهِ).,بسم الله توكلت على الله ولا حول ولا قوة إلا بالله,98.0%,✅ Match
17,`/audios/010_02.mp3`,Leaving Home,Leaving Home (2),"O Allah, I take refuge...",(اللَّهُمَّ إِنِّي أَعُوذُ بِكَ أَنْ أَضِلَّ، أَوْ أُضَلَّ، أَوْ أَزِلَّ، أَوْ أُزَلَّ، أَوْ أَظْلِمَ، أَوْ أُظْلَمَ، أَ,اللهم إني أعوذ بكان أضل أو أظل أو أزل أو أظلم أو أظلم أو أجهل أو يدهل علي,87.0%,✅ Match
18,`/audios/011_01.mp3`,Entering Home,Before Eating,Before Eating,(بِسْمِ اللَّهِ وَلَجْنَا، وَبِسْمِ اللَّهِ خَرَجْنَا، وَعَلَى اللَّهِ رَبِّنَا تَوَكَّلْنَا، ثُمَّ لِيُسَلِّمْ عَلَى أَ,بسم الله ولجنا وبسم الله خرجنا وعلى ربنا توكلنا,78.3%,⚠️ Partial
19,`/audios/012_01.mp3`,Going to Mosque,Going to Mosque (1),"‘O Allaah, place within my...","اللّهُـمَّ اجْعَـلْ فِي قَلْبـي نُوراً ، وَفي لِسَـانِي نُوراً، وَفِي سَمْعِي نُوراً, وَفِي بَصَرِيِ نُوراً, وَمِنْ فََو",اللهم جعل في قلبي نورة وفي لساني نورة وفي سمعي نورة وفي بصري نورة ومن فوقي نورة ومن تحتي نورة وعن يميني نورة وعن شمالي ن,62.2%,⚠️ Partial
20,`/audios/012_02.mp3`,Going to Mosque,Going to Mosque (2),ma ndriço varrin tim dhe...,اَللَّهُمَّ اجْعَلْ لِي نُوراً فِي قَبْرِي... وَنُوراً فِي عِظَامِي وَزِدْنِي نُوراً، وَزِدْنِي نُوراً، وَزِدْنِي نُوراً,172. اللهم اجعل لي نورا في قبري ونورا في عظامي وزدني نورا 173. وهبلي نورا على نور,85.0%,✅ Match
21,`/audios/013_01.mp3`,Entering Mosque,Entering Mosque,Entering Mosque,(يَبْدَأُ بِرِجْلِهِ الْيُمْنَى) ، وَيَقُولُ: ((أَعُوذُ بِاللَّهِ العَظِيمِ، وَبِوَجْهِهِ الْكَرِيمِ، وَسُلْطَانِهِ الْق,أعوذ بالله العظيم و بوجهه الكريم و سلطانه القديم من الشيطان الرجيم,56.9%,❌ Mismatch
22,`/audios/013_02.mp3`,Entering Mosque,Before Eating,Before Eating,بِسْمِ اللهِ، وَالصَّلَاةُ وَالسَّلَامُ عَلَى رَسُولِ اللهِ,بسم الله والصلاة والسلام على رسول الله,98.7%,✅ Match
23,`/audios/013_03.mp3`,Entering Mosque,Entering Mosque,Entering Mosque,اَللَّهُمَّ افْتَحْ لِي أَبْوَابَ رَحْمَتِكَ,اللهم افتح لي أبواب رحمتك,100.0%,✅ Match
24,`/audios/014_01.mp3`,Leaving Mosque,Leaving Mosque,Leaving Mosque,((يَبْدَأُ بِرِجْلِهِ الْيُسْرَى))  وَيَقُولُ: ((بِسْمِ اللَّهِ وَالصّلَاةُ وَالسَّلَامُ عَلَى رَسُولِ اللَّهِ، اللَّهُم,بسم الله والصلاة والسلام على رسول الله اللهم إني أسألك من فضلك اللهم معصمني من الشيطان الرجيم,86.8%,✅ Match
25,`/audios/015_01.mp3`,Hearing Athan,Hearing Athan (1),‘One repeats just as the...,يَقُولُ مِثْلَ مَا يَقُولُ المُؤَذِّنُ إِلاَّ فِي ((حَيَّ عَلَى الصَّلَاةِ وَحَيَّ عَلَى الْفَلَاحِ)) فَيقُولُ: ((لاَ ح,لا حول ولا قوة إلا بالله,42.1%,❌ Mismatch
26,`/audios/015_02.mp3`,Hearing Athan,Hearing Athan (2),Immediately following the declaration of...,يَقُولُ: ((وَأَنَا أَشْهَدُ أَنْ لاَ إِلَهَ إِلاَّ اللَّهُ وَحْدَهُ لاَ شَرِيكَ لَهُ وَأَنَّ مُحَمَّداً عَبْدُهُ وَرَسُ,2. وأنا أشهد أن لا إله إلا الله وحده لا شريك له 3. وأن محمد عبده ورسوله رضيت بالله ربا وبمحمد الرسولا وبالإسلام دينا,85.7%,✅ Match
27,`/audios/015_03.mp3`,Hearing Athan,Hearing Athan (3),‘One should then send prayers...,((يُصَلِّي عَلَى النَّبِيِّ صلى الله عليه وسلم بَعْدَ فَرَاغِهِ مِنْ إِجَابَةِ الْمُؤَذِّنِ)).,اللهم رب هذه الدعوة الثامة والصلاة القائمة آت محمداً الوسيلة والفضيلة وبعثهم قاماً محموداً الذي وعدته إنك لا تخلف المعاد,19.3%,❌ Mismatch
28,`/audios/016_01.mp3`,Starting Prayer,Starting Prayer (1),"O Allah, distance me from...",((اللَّهُمَّ بَاعِدْ بَيْنِي وَبَيْنَ خَطَايَايَ كَمَا بَاعَدْتَ بَيْنَ الْمَشْرِقِ وَالْمَغْرِبِ، اللَّهُمَّ نَقِّنِي,اللهم باعت بيني وبين خطايا كما باعت بين المشرق والمغرب اللهم نقني من خطايا كما ينقى الثوب الأبيض من الدنس اللهم اوصلني م,94.1%,✅ Match
29,`/audios/016_02.mp3`,Starting Prayer,Starting Prayer (2),How perfect You are O...,((سُبْحانَكَ اللَّهُمَّ وَبِحَمْدِكَ، وَتَبارَكَ اسْمُكَ، وَتَعَالَى جَدُّكَ، وَلاَ إِلَهَ غَيْرُكَ)).,سبحانك اللهم وبحمدك وتبارك اسمك وتعال جدك ولا إله غيرك,96.4%,✅ Match
30,`/audios/016_03.mp3`,Starting Prayer,Starting Prayer (3),I have turned my face...,((وَجَّهْتُ وَجْهِيَ لِلَّذِي فَطَرَ السَّمَوَاتِ وَالأَرْضَ حَنِيفَاً وَمَا أَنَا مِنَ الْمُشْرِكِينَ، إِنَّ صَلاَتِي،,[FILE NOT FOUND],0.0%,🔇 No Audio
31,`/audios/016_04.mp3`,Starting Prayer,Starting Prayer (4),"O Allah, Lord of Jibra-eel,...",((اللَّهُمَّ رَبَّ جِبْرَائِيلَ، وَمِيْكَائِيلَ، وَإِسْرَافِيلَ، فَاطِرَ السَّمَوَاتِ وَالأَرْضِ، عَالِمَ الغَيْبِ وَالش,17. اللهم رب جبرائيل وميكائيل وإسرافييل فاطر السماوات والأرض عالم الغيب والشهادة أن تتحكم بين عبادك فيما كانوا فيه يختلف,96.5%,✅ Match
32,`/audios/016_05.mp3`,Starting Prayer,Starting Prayer (5),"Allah is Most Great, Allah...",((اللَّهُ أَكْبَرُ كَبِيرَاً، اللَّهُ أَكْبَرُ كَبِيراً، اللَّهُ أَكْبَرُ كَبِيراً، وَالْحَمْدُ لِلَّهِ كَثيراً، وَالْحَ,الله أكبر كبيرا والحمد لله كثيرا وسبحان الله بكرة وأصيلة أعوذ بالله من الشيطان من نفخه ونففه وهمزه,69.6%,⚠️ Partial
33,`/audios/016_06.mp3`,Starting Prayer,Starting Prayer (6),"O Allah, to You belongs...",((اللَّهُمَّ لَكَ الْحَمْدُ، أَنْتَ نُورُ السَّمَوَاتِ وَالأَرْضِ وَمَنْ فِيهِنَّ، وَلَكَ الْحَمْدُ أَنْتَ قَيِّمُ السَّ,[FILE NOT FOUND],0.0%,🔇 No Audio
34,`/audios/017_01.mp3`,During Ruku',During Ruku' (1),"How perfect my Lord is,...",((سُبْحانَ رَبِّيَ الْعَظِيمِ)). ثلاث مرَّاتٍ.,سبحان ربي العظيم,76.2%,⚠️ Partial
35,`/audios/017_02.mp3`,During Ruku',During Ruku' (2),How perfect You are O...,((سُبْحَانَكَ اللَّهُمَّ رَبَّنَا وَبِحَمْدِكَ، اللَّهُمَّ اغْفِرْ لِي)).,سبحانك اللهم ربنا وبحمدك اللهم اغفر لي,98.7%,✅ Match
36,`/audios/017_03.mp3`,During Ruku',During Ruku' (3),"Perfect and Holy He is,...",((سُبُّوُحٌ، قُدُّوسٌ، رَبُّ المَلاَئِكَةِ وَالرُّوحِ)).,سبوح قدوس رب الملائكة والروح,96.5%,✅ Match
37,`/audios/017_04.mp3`,During Ruku',During Ruku' (4),"O Allah, unto You I...",((اللَّهُمَّ لَكَ رَكَعْتُ، وَبِكَ آمَنْتُ، وَلَكَ أَسْلَمْتُ، خَشَعَ لَكَ سَمْعِي، وَبَصَرِي، وَمُخِّي، وَعَــــظْمِي،,اللهم لك ركعت وبك آمند ولك أسلمت خشع لك سمعي وبصري ومخي وعظمي وعصبي ومستقل به قدمي,90.0%,✅ Match
38,`/audios/017_05.mp3`,During Ruku',During Ruku' (5),"How perfect He is, The...",((سُبْحَانَ ذِي الْجَبَرُوتِ، وَالْمَلَكُوتِ، وَالْكِبْرِيَاءِ، وَالْعَظَمَةِ)).,سبحان ذي الجبروت والملكوت والكبرياء والعظمه,94.4%,✅ Match
39,`/audios/018_01.mp3`,Rising from Ruku',Rising from Ruku' (1),May Allah answer he who...,((سَمِعَ اللَّهُ لِمَنْ حَمِدَهُ)).,سمع الله لمن حميدة,91.4%,✅ Match
40,`/audios/018_02.mp3`,Rising from Ruku',Rising from Ruku' (2),"Our Lord, for You is...",((رَبَّنَا وَلَكَ الْحَمْدُ، حَمْداً كَثيراً طَيِّباً مُبارَكاً فِيهِ)).,ربنا ولك الحمد حمدا كثيرا طيبا مباركا فيه,98.8%,✅ Match
41,`/audios/018_03.mp3`,Rising from Ruku',Rising from Ruku' (3),The heavens and the Earth...,((مِلْءَ السَّمَوَاتِ وَمِلْءَ الأَرْضِ، وَمَا بَيْنَهُمَا، وَمِلْءَ مَا شِئْتَ مِنْ شَيءٍ بَعْدُ. أَهلَ الثَّناءِ وَالْ,10. ملأ السماوات وملأ الأرض وملأ ما بينهما وملأ ما شبت من شيء بعد 11. أهل الثناء والمجد أحق ما قال العبد وكلنا لك عبد 12,93.5%,✅ Match
42,`/audios/019_01.mp3`,During Sujood,During Sujood (1),"How perfect my Lord is,...",((سُبْحَانَ رَبِّيَ الأَعْلَى)) ثلاث مرَّاتٍ.,سبحان ربي الأعلى,76.2%,⚠️ Partial
43,`/audios/019_02.mp3`,During Sujood,During Sujood (2),How perfect You are O...,((سُبْحَانَكَ اللَّهُمَّ رَبَّنَا وَبِحَمْدِكَ، اللَّهُمَّ اغْفِرْ لِي)).,سبحانك اللهم ربنا وبحمدك اللهم وفذلي,90.7%,✅ Match
44,`/audios/019_03.mp3`,During Sujood,During Sujood (3),"Perfect and Holy He is,...",((سُبوحٌ، قُدُّوسٌ، رَبُّ الْمَلَائِكَةِ وَالرُّوحِ)).,سبوح قدوس رب الملائكة والروح,96.5%,✅ Match
45,`/audios/019_04.mp3`,During Sujood,During Sujood (4),"O Allah, unto You I...",((اللَّهُمَّ لَكَ سَجَدْتُ وَبِكَ آمَنْتُ، وَلَكَ أَسْلَمْتُ، سَجَدَ وَجْهِيَ لِلَّذِي خَلَقَهُ، وَصَوَّرَهُ، وَشَقَّ سَ,121- اللهم لك سجد وبك آمنت ولك أسلمت سجد ودي لله الذي خلقه وصوره وشق سمعه وبصره تبارك الله أحسن الخالقين,93.5%,✅ Match
46,`/audios/019_05.mp3`,During Sujood,During Sujood (5),"How perfect He is, The...",((سُبْحَانَ ذِي الْجَبَرُوتِ، وَالْمَلَكُوتِ، وَالْكِبْرِيَاءِ، وَالْعَظَمَةِ)).,سبحان ذي الجبروت والملكوت والكبرياء والعظمه,94.4%,✅ Match
47,`/audios/019_06.mp3`,During Sujood,During Sujood (6),"O Allah, forgive me all...",((اللَّهُمَّ اغْفِرْ لِي ذَنْبِي كُلَّهُ: دِقَّهُ وَجِلَّهُ، وَأَوَّلَهُ وَآخِرَهُ، وَعَلاَنِيَّتَهُ وَسِرَّهُ)).,2. اللهم اغفل لي ذنبي كله دقه وجله وأوله وأاخره وعلانيته وسره,94.0%,✅ Match
48,`/audios/019_07.mp3`,During Sujood,During Sujood (7),"O Allah, I take refuge...",((اللَّهُمَّ إِنِّي أَعُوذُ بِرِضَاكَ مِنْ سَخَطِكَ، وَبِمُعَافَاتِكَ مِنْ عُقوبَتِكَ، وَأَعُوذُ بِكَ مِنْكَ، لاَ أُحْصِ,اللهم إني أعوذ برضاك من سخطك وبمعافاتك من عقوبتك وأعوذ بك منك لا أحسي ثناء عليك أنت كما أثنيت على نفسك,97.1%,✅ Match
49,`/audios/020_01.mp3`,Between Prostrations,Between Prostrations (1),"My Lord forgive me, My...",((رَبِّ اغْفِرْ لِي، رَبِّ اغْفِرْ لِي)).,رب يغفلني رب يغفلني,73.2%,⚠️ Partial
50,`/audios/020_02.mp3`,Between Prostrations,Between Prostrations (2),"O Allah, forgive me, have...",((اللَّهُمَّ اغْفِرْ لِي، وَارْحَمْنِي، وَاهْدِنِي، وَاجْبُرْنِي، وَعَافِنِي، وَارْزُقْنِي، وَارْفَعْنِي)).,الله مغفل لي ورحمني وهدني وجبرني وعافني ورزقني ورفعني,86.4%,✅ Match
51,`/audios/021_01.mp3`,Recitation Prostration,Recitation Prostration (1),My face fell prostrate before...,((سَجَدَ وَجْهِيَ لِلَّذِي خَلَقَهُ، وَشَقَّ سَمْعَهُ وَبَصَرَهُ بِحَوْلِهِ وَقُوَّتِهِ، ﴿فَتَبارَكَ اللَّهُ أَحْسَنُ ال,سجد وجه لله الذي خلقه وشق سمعه وبصره بحوله وقوته فتبارك الله أحسن الخالقين,95.2%,✅ Match
52,`/audios/021_02.mp3`,Recitation Prostration,Recitation Prostration (2),"O Allah, record for me...",((اللَّهُمَّ اكْتُبْ لِي بِهَا عِنْدَكَ أَجْراً، وَضَعْ عَنِّي بِهَا وِزْراً، وَاجْعَلْهَا لِي عِنْدَكَ ذُخْراً، وَتَقَب,الله مكتب لي بها عندك أجراء وضعني بها وزراء وجعلها لي عندك ذخراء وتقبلها مني كما تقبلتها من عبدك داود,94.2%,✅ Match
53,`/audios/022_01.mp3`,At-Tashahhud,At-Tashahhud,At-Tashahhud,((التَّحِيَّاتُ لِلَّهِ، وَالصَّلَواتُ، وَالطَّيِّباتُ، السَّلاَمُ عَلَيْكَ أَيُّهَا النَّبِيُّ وَرَحْمَةُ اللَّهِ وَبَر,التحيات لله والصلوات والطيبات السلام عليك أيها النبي ورحمة الله وبركاته السلام علينا وعلى عباد الله الصالحين أشهد أن لا,98.8%,✅ Match
54,`/audios/023_01.mp3`,Blessings on Prophet,Blessings on Prophet (1),Salutations on the Prophet,((اللَّهُمَّ صَلِّ عَلَى مُحَمَّدٍ، وَعَلَى آلِ مُحَمَّدٍ، كَمَا صَلَّيتَ عَلَى إِبْرَاهِيمَ، وَعَلَى آلِ إِبْرَاهِيمَ،,7. اللهم صل على محمد وعلى آل محمد كما صليت على إبراهيم وعلى آل إبراهيم إنك حميد مجيد,61.4%,⚠️ Partial
55,`/audios/023_02.mp3`,Blessings on Prophet,Blessings on Prophet (2),Salutations on Prophet & Family,((اللَّهُمَّ صَلِّ عَلَى مُحَمَّدٍ وَعَلَى أَزْوَاجِهِ وَذُرِّيَّتِهِ، كَمَا صَلَّيْتَ عَلَى آلِ إِبْرَاهِيمَ. وَبَارِكْ,17. اللهم صل على محمد وعلى أزواجه وذريته كما صليت على آل إبراهيم وبالك على محمد وعلى أزواجه وذريته كما باركت على آل إبرا,98.5%,✅ Match
56,`/audios/024_01.mp3`,Before Ending Prayer,Before Ending Prayer (1),Protection from 4 Trials,((اللَّهُــمَّ إِنِّي أَعُوذُ بِكَ مِنْ عَذَابِ الْقَبْرِ، وَمِنْ عَذَابِ جَهَنَّمَ، وَمِنْ فِتْنَةِ الْمَحْيَا وَالْمَم,اللهم إني أعوذ بك من عذاب القبر ومن عذاب جهنم ومن فتنة المحيا والممات ومن شر فتنة المسيح الدجال,97.4%,✅ Match
57,`/audios/024_02.mp3`,Before Ending Prayer,Before Ending Prayer (2),Protection from Dajjal & Sins,((اللَّهُمَّ إِنِّي أَعوذُ بِكَ مِنْ عَذَابِ الْقَبْرِ، وَأَعوذُ بِكَ مِنْ فِتْنَةِ الْمَسِيحِ الدَّجَّالِ، وَأَعوذُ بِك,اللهم إني أعوذ بك من عذاب القبر وأعوذ بك من فتنة المسيح الدجال وأعوذ بك من فتنة المحيا والمات اللهم إني أعوذ بك من المأث,98.9%,✅ Match
58,`/audios/024_03.mp3`,Before Ending Prayer,Before Ending Prayer (3),Forgiveness for Self-Wrong,((اللَّهُمَّ إِنِّي ظَلَمْتُ نَفْسِي ظُلْماً كَثِيراً، وَلاَ يَغْفِرُ الذُّنوبَ إِلاَّ أَنْتَ، فَاغْفِرْ لِي مَغْفِرَةً,[FILE NOT FOUND],0.0%,🔇 No Audio
59,`/audios/024_04.mp3`,Before Ending Prayer,Before Ending Prayer (4),Forgiveness for All Sins,((اللَّهُمَّ اغْفِرْ لِي مَا قَدَّمْتُ، وَمَا أَخَّرْتُ، وَمَا أَسْرَرْتُ، وَمَا أَعْلَنْتُ، وَمَا أَسْرَفْتُ، وَمَا أَن,17. اللهم اغفلي ما قدمت وما اخرت وما اسررت وما اعلنت وما اسرفت وما أنت اعلم به مني أنت المقدم وانت المأخر لا إله إلا أنت,90.8%,✅ Match
60,`/audios/024_05.mp3`,Before Ending Prayer,Before Ending Prayer (5),Seeking Help in Dhikr,((اللَّهُمَّ أَعِنِّي عَلَى ذِكْرِكَ، وَشُكْرِكَ، وَحُسْنِ عِبادَتِكَ)).,[FILE NOT FOUND],0.0%,🔇 No Audio
61,`/audios/024_06.mp3`,Before Ending Prayer,Before Ending Prayer (6),Protection from Cowardice,((اللَّهُمَّ إِنِّي أَعُوذُ بِكَ مِنَ الْبُخْلِ، وَأَعوذُ بِكَ مِنَ الْجُبْنِ، وَأَعُوذُ بِكَ مِنْ أَنْ أُرَدَّ إِلَى أَ,[FILE NOT FOUND],0.0%,🔇 No Audio
62,`/audios/024_07.mp3`,Before Ending Prayer,Dua for Jannah,Dua for Paradise,((اللَّهُمَّ إِنِّي أَسْأَلُكَ الْجَنَّةَ وَأَعُوذُ بِكَ مِنَ النَّارِ)).,111- اللهم إني أسألك الجنة وأعوذ بك من النار,100.0%,✅ Match
63,`/audios/024_08.mp3`,Before Ending Prayer,Before Ending Prayer (8),"O Allah, by Your knowledge...",((اللَّهُمَّ بِعِلْمِكَ الغَيْبَ وَقُدْرَتِكَ عَلَى الْخَلقِ أَحْيِنِي مَا عَلِمْتَ الْحَيَاةَ خَيْراً لِي، وَتَوَفَّنِي,[FILE NOT FOUND],0.0%,🔇 No Audio
64,`/audios/024_09.mp3`,Before Ending Prayer,Before Ending Prayer (9),"O Allah, I ask You...",((اللَّهُمَّ إِنِّي أَسْأَلُكَ يَا أَللَّهُ بِأَنَّكَ الْوَاحِدُ الْأَحَدُ الصَّمَدُ الَّذِي لَمْ يَلِدْ وَلَمْ يولَدْ،,[FILE NOT FOUND],0.0%,🔇 No Audio
65,`/audios/024_10.mp3`,Before Ending Prayer,Before Ending Prayer (10),"O Allah, I ask You...",((اللَّهُمَّ إِنِّي أَسْأَلُكَ بِأَنَّ لَكَ الْحَمْدَ لَا إِلَهَ إِلاَّ أَنْتَ وَحْدَكَ لاَ شَرِيكَ لَكَ، الْمَنَّانُ، ي,[FILE NOT FOUND],0.0%,🔇 No Audio
66,`/audios/024_11.mp3`,Before Ending Prayer,Before Ending Prayer (11),"O Allah, I ask You,...",((اللَّهُمَّ إِنِّي أَسْأَلُكَ بِأَنَّي أَشْهَدُ أَنَّكَ أَنْتَ اللَّهُ لاَ إِلَهَ إِلاَّ أَنْتَ الْأَحَدُ الصَّمَدُ الّ,2. اللهم إني أسألك بأنني أشهد أنك أنت الله لا إله إلا أنت الأحد الصمد الذي لم يلد ولم يولد ولم يكله كفوًا أحد,98.6%,✅ Match
67,`/audios/025_01.mp3`,After Prayer,Istighfar,Seeking Forgiveness (Istighfar),((أَسْتَغْفِرُ اللَّهَ (ثَلاَثَاً) اللَّهُمَّ أَنْتَ السَّلاَمُ، وَمِنْكَ السَّلاَمُ، تَبَارَكْتَ يَا ذَا الْجَلاَلِ وَا,أستغفر الله,25.0%,❌ Mismatch
68,`/audios/025_02.mp3`,After Prayer,After Prayer (2),Oneness & Sovereignty,((لاَ إِلَهَ إِلاَّ اللَّهُ وَحْدَهُ لاَ شَرِيكَ لَهُ، لَهُ الْمُلْكُ وَلَهُ الْحَمْدُ وَهُوَ عَلَى كُلِّ شَيْءٍ قَدِيرٌ,اللهم أنت السلام ومنك السلام تباركت يا ذي الجلال والإكرام,19.4%,❌ Mismatch
69,`/audios/025_03.mp3`,After Prayer,After Prayer (3),Glorification (Subhanallah),((لَا إِلَهَ إِلاَّ اللَّهُ وَحْدَهُ لاَ شَرِيكَ لَهُ، لَهُ الْمُلْكُ، وَلَهُ الْحَمدُ، وَهُوَ عَلَى كُلِّ شَيْءٍ قَدِير,2. لا إله إلا الله وحده لا شريك له له الملك وله الحمد وهو على كل شيء قدير 3. اللهم لا مان علما أعطيت ولا معطي لما منعت و,30.6%,❌ Mismatch
70,`/audios/025_04.mp3`,After Prayer,After Prayer (4),"Tasbih, Tahmid, Takbir",((سُبْحَانَ اللَّهِ، وَالْحَمْدُ لِلَّهِ، وَاللَّهُ أَكْبَرُ (ثلاثاً وثلاثين) لاَ إِلَهَ إِلاَّ اللَّهُ وَحْدَهُ لاَ شَر,2. لا إله إلا الله وحده لا شريك له له الملك وله الحمد وهو على كل شيء قدير 3. لا حول ولا قوة إلا بالله لا إله إلا الله ول,41.8%,❌ Mismatch
71,`/audios/025_05.mp3`,After Prayer,After Prayer (5),Recitation of 3 Quls,بسم الله الرحمن الرحيم ﴿قُلْ هُوَ اللَّهُ أَحَدٌ* اللَّهُ الصَّمَدُ* لَمْ يَلِدْ وَلَمْ يُولَدْ* وَلَمْ يَكُن لَّهُ كُفُ,سبحان الله والحمد لله والله أكبر,3.7%,❌ Mismatch
72,`/audios/025_06.mp3`,After Prayer,After Prayer (6),Ayatul Kursi,﴿اللَّهُ لاَ إِلَهَ إِلاَّ هُوَ الْحَيُّ الْقَيُّومُ لاَ تَأْخُذُهُ سِنَةٌ وَلاَ نَوْمٌ لَّهُ مَا فِي السَّمَوَاتِ وَمَا,2. لا إله إلا الله وحده لا شريك له له الملك وله الحمد وهو على كل شيء قدير,4.4%,❌ Mismatch
73,`/audios/025_07.mp3`,After Prayer,After Prayer (7),None has the right to...,((لاَ إِلَهَ إِلاَّ اللَّهُ وَحْدَهُ لاَ شَرِيكَ لَهُ، لَهُ الْمُلْكُ وَلَهُ الْحَمْدُ يُحْيِي وَيُمِيتُ وَهُوَ عَلَى كُ,بسم الله الرحمن الرحيم قل هو الله أحد الله الصمد لم يلد ولم يولد ولم يكله كفوًا أحد بسم الله الرحمن الرحيم قل أعوذ برب ا,24.7%,❌ Mismatch
74,`/audios/025_08.mp3`,After Prayer,After Prayer (8),"O Allah, I ask You...",((اللَّهُمَّ إِنِّي أَسْأَلُكَ عِلْماً نافِعاً، وَرِزْقاً طَيِّباً، وَعَمَلاً مُتَقَبَّلاً)) بَعْدَ السّلامِ مِنْ صَلاَة,2. بسم الله الرحمن الرحيم 3. الله لا إله إلا هو الحي القيوم 4. لا تأخذه سنة ولا نوم 5. لهما في السماوات وما في الأرض 6.,18.4%,❌ Mismatch
75,`/audios/025_09.mp3`,After Prayer,La ilaha illallah,La ilaha illallah,لَا إِلَهَ إِلَّا اللهُ وَحَدْهُ لَا شَرِيكَ لَهُ، لَهُ الْمُلْكُ وَلَهُ الْحَمْدُ يُحْيِي وَيُمِيتُ، وَهُوَ عَلَى كُلِّ,2. لا إله إلا الله وحده لا شريك له له الملك وله الحمد يحيى ويميت وهو على كل شيء قدير,97.6%,✅ Match
76,`/audios/025_10.mp3`,After Prayer,After Prayer (10),"O Allahu im, të lutem...",اللَّهُمَّ إِنِّي أَسْأَلُكَ عِلْماً نَافِعاً، وَرِزْقاً طَيِّباً، وَعَمَلاً مُتَقَبَّلاً,اللهم إني أسألك علم النافعة ورزقا طيبة وعملا متقبلا,91.3%,✅ Match
77,`/audios/026_01.mp3`,Istikharah,Istikhara Dua,Istikhara Dua,قَالَ جَابرُ بْنُ عَبْدِ اللَّهِ رَضِيَ اللَّهُ عَنْهُمَا: كَانَ رسُولُ اللَّهِ صلى الله عليه وسلم يُعَلِّمُنَا الْاسْتِ,17. اللهم إني أستخيرك بعلمك وأستقدرك بقدرتك وأسألك من فضلك العظيم فإنك تقدر ولا أقدر وتعلم ولا أعلم وأنت علام الغيوب 18.,54.3%,❌ Mismatch
78,`/audios/027_01.mp3`,Morning Adhkar,Against Shaitan,Morning: Protection from Shaitan,أَعُوذُ بِاللَّهِ مِنَ الشَّيطَانِ الرَّجِيمِ ﴿اللَّهُ لاَ إِلَهَ إِلاَّ هُوَ الْحَيُّ الْقَيُّومُ لاَ تَأْخُذُهُ سِنَةٌ,111- الله لا إله إلا هو الحي القيوم 112- لا تأخذه سنة ولا نوم 113- له ما في السماوات وما في الأرض 114- من ذا الذي يشفع ع,93.2%,✅ Match
79,`/audios/027_02.mp3`,Morning Adhkar,Morning Adhkar (2),Morning: 3 Quls (3x),(بسم الله الرحمن الرحيم ﴿قُلْ هُوَ اللَّهُ أَحَدٌ* اللَّهُ الصَّمَدُ* لَمْ يَلِدْ وَلَمْ يُولَدْ* وَلَمْ يَكُن لَّهُ كُف,2. بسم الله الرحمن الرحيم 3. بسم الله الرحمن الرحيم 4. قل هو الله أحد الله الصمد لم يلد ولم يولد ولم يكن له كفوًا أحد 5.,54.3%,❌ Mismatch
80,`/audios/027_03.mp3`,Morning Adhkar,Morning Adhkar (3),Morning: Sovereignty belongs to Allah,((أَصْبَحْنَا وَأَصْبَحَ الْمُلْكُ لِلَّهِ ، وَالْحَمْدُ لِلَّهِ، لاَ إِلَهَ إلاَّ اللَّهُ وَحْدَهُ لاَ شَرِيكَ لَهُ، لَ,1. وصبحنا وأصبح الملك لله والحمد لله لا إله إلا الله وحده لا شريك له الملك وله الحمد وهو على كل شيء قدير 2. رب أسألك خير,58.2%,❌ Mismatch
81,`/audios/027_04.mp3`,Morning Adhkar,Morning Adhkar (4),Morning: By Your leave we rise,((اللَّهُمَّ بِكَ أَصْبَحْنَا، وَبِكَ أَمْسَيْنَا ، وَبِكَ نَحْيَا، وَبِكَ نَمُوتُ وَإِلَيْكَ النُّشُورُ)). [وإذا أمسى ق,سبحنا و بك أمسينا و بك نحيا و بك نموت و إليك النشور,48.9%,❌ Mismatch
82,`/audios/027_05.mp3`,Morning Adhkar,Sayyid ul Istighfar,Morning: Sayyidul Istighfar,((اللَّهُمَّ أَنْتَ رَبِّي لَا إِلَهَ إِلاَّ أَنْتَ، خَلَقْتَنِي وَأَنَا عَبْدُكَ، وَأَنَا عَلَى عَهْدِكَ وَوَعْدِكَ مَا,اللهم أنت ربي لا إله إلا أنت خلقتني وأنا عبدك وأنا على عهدك ووعدك مستطحت أعوذ بك من شر ما صنعت أبوء لك بنعمتك عليه وأبوء,95.8%,✅ Match
83,`/audios/027_06.mp3`,Morning Adhkar,Morning Adhkar (6),Morning: Testimony (4x),((اللَّهُمَّ إِنِّي أَصْبَحْتُ أُشْهِدُكَ، وَأُشْهِدُ حَمَلَةَ عَرْشِكَ، وَمَلاَئِكَتِكَ، وَجَمِيعَ خَلْقِكَ، أَنَّكَ أَ,"apply the punishment that well granted to myself by doing Cruelty because I'm feeling described. In other words, there's",21.9%,❌ Mismatch
84,`/audios/027_07.mp3`,Morning Adhkar,Morning Adhkar (7),Morning: Acknowledgement of Blessings,((اللَّهُمَّ مَا أَصْبَحَ بِي مِنْ نِعْمَةٍ أَوْ بِأَحَدٍ مِنْ خَلْقِكَ فَمِنْكَ وَحْدَكَ لاَ شَرِيكَ لَكَ، فَلَكَ الْحَ,سلاماتك لله بلحظة لا يوجد إله بحق في إبادهي إلا أنك يا الله سيكون أنا أردتك من أجل ومن أفكر أنا أردتك من أجل لا يوجد إله,14.4%,❌ Mismatch
85,`/audios/027_08.mp3`,Morning Adhkar,Morning Adhkar (8),Morning: Wellbeing (3x),((اللَّهُمَّ عَافِنِي فِي بَدَنِي، اللَّهُمَّ عَافِنِي فِي سَمْعِي، اللَّهُمَّ عَافِنِي فِي بَصَرِي، لاَ إِلَهَ إِلاَّ أ,الشيء ومليكة أشهد أن لا إله إلا أنت أعوذ بك من شر نفس ومن شر الشيطان وشركة وأن أقترف على نفسي سوء أو أجره إلى مسلم,39.1%,❌ Mismatch
86,`/audios/027_09.mp3`,Morning Adhkar,Morning Adhkar (9),Morning: Sufficient is Allah (7x),((حَسْبِيَ اللَّهُ لاَ إِلَهَ إِلاَّ هُوَ عَلَيهِ تَوَكَّلتُ وَهُوَ رَبُّ الْعَرْشِ الْعَظِيمِ)) (سَبْعَ مَرّاتٍ).,بسم الله الذي لا يضر مع اسمه شيء في الأرض ولا في السماء وهو السميع العليم,44.1%,❌ Mismatch
87,`/audios/027_10.mp3`,Morning Adhkar,Morning Adhkar (10),Morning: Worldly & Hereafter Safety,((اللَّهُمَّ إِنِّي أَسْأَلُكَ الْعَفْوَ وَالْعَافِيَةَ فِي الدُّنْيَا وَالآخِرَةِ، اللَّهُمَّ إِنِّي أَسْأَلُكَ الْعَفْ,.دنان منيبوت نام الله .يندنان نامانه .تدهada sesuatu pun .يندapat ممبهيakan .بعيك يندي بمي .موapun di langit .دialah yan,1.6%,❌ Mismatch
88,`/audios/027_11.mp3`,Morning Adhkar,Morning Adhkar (11),Morning: Protection from Self & Shaitan,((اللَّهُمَّ عَالِمَ الغَيْبِ وَالشَّهَادَةِ فَاطِرَ السَّمَوَاتِ وَالْأَرْضِ، رَبَّ كُلِّ شَيْءٍ وَمَلِيكَهُ، أَشْهَدُ,وعلى ملة أبينا إبراهيم حنيف مسلمة وما كان من المشركين,12.4%,❌ Mismatch
89,`/audios/027_12.mp3`,Morning Adhkar,Before Eating,Morning: Protection with His Name (3x),((بِسْمِ اللَّهِ الَّذِي لاَ يَضُرُّ مَعَ اسْمِهِ شَيْءٌ فِي الْأَرْضِ وَلاَ فِي السّمَاءِ وَهُوَ السَّمِيعُ الْعَلِيمُ),2. اللهم علم الغيب والشهادة فاطر السماوات والأرض رب كل شيء ومليكة أشهد أن لا إله إلا أنت أعوذ بك من شر نفسي ومن شر الشيط,28.1%,❌ Mismatch
90,`/audios/027_13.mp3`,Morning Adhkar,Morning Adhkar (13),Morning: Pleasure with Allah (3x),((رَضِيتُ بِاللَّهِ رَبَّاً، وَبِالْإِسْلاَمِ دِيناً، وَبِمُحَمَّدٍ صلى الله عليه وسلم نَبِيّاً)) (ثلاثَ مرَّاتٍ).,2. بسم الله الذي لا يضر مع اسمه شيء في الأرض ولا في السماء وهو السميع العليم,17.9%,❌ Mismatch
91,`/audios/027_14.mp3`,Morning Adhkar,Morning Adhkar (14),Morning: O Ever Living (Ya Hayyu),((يَا حَيُّ يَا قَيُّومُ بِرَحْمَتِكَ أَسْتَغيثُ أَصْلِحْ لِي شَأْنِيَ كُلَّهُ وَلاَ تَكِلْنِي إِلَى نَفْسِي طَرْفَةَ عَ,2. رضيت بالله ربا وبالإسلام دينا وبمحمد صلى الله عليه وسلم نبيا,27.3%,❌ Mismatch
92,`/audios/027_15.mp3`,Morning Adhkar,Morning Adhkar (15),Morning: Upon the Morning,((أَصْبَحْنَا وَأَصْبَحَ الْمُلْكُ لِلَّهِ رَبِّ الْعَالَمِينَ، اللَّهُـمَّ إِنِّي أَسْأَلُكَ خَيْرَ هَذَا الْيَوْمِ:فَت,2. يا حي يا قيوم برحمتك أستغيث أصلح لي شأني كله ولا تكلني إلى نفسي طرفة عين,3.3%,❌ Mismatch
93,`/audios/027_16.mp3`,Morning Adhkar,Morning Adhkar (16),Morning: Upon the Fitrah,((أَصْبَحْنا عَلَى فِطْرَةِ الْإِسْلاَمِ، وَعَلَى كَلِمَةِ الْإِخْلاَصِ، وَعَلَى دِينِ نَبِيِّنَا مُحَمَّدٍ صلى الله علي,أصبحنا وأصبح الملك لله رب العالمين اللهم إني أسألك خير هذا اليوم فتحه ونصره ونوره وبركته وهداه وأعوذ بك من شل ما فيه وشل,36.1%,❌ Mismatch
94,`/audios/027_17.mp3`,Morning Adhkar,SubhanAllah,Morning: Subhanallahi wa Bihamdihi (100x),((سُبْحَانَ اللَّهِ وَبِحَمْدِهِ)) (مائة مرَّةٍ).,8 أصبحنا على فطرة الإسلام وعلى كلمة الإخلاص وعلى دين نبينا محمد صلى الله عليه وسلم وعلى من التي أبينا إبراهيم حنيفا مسلم,18.2%,❌ Mismatch
95,`/audios/027_18.mp3`,Morning Adhkar,Morning Adhkar (18),Morning: Oneness (10x or 1x),((لاَ إِلَهَ إِلاَّ اللَّهُ وَحْدَهُ لاَ شَرِيكَ لَهُ، لَهُ الْمُلْكُ وَلَهُ الْحَمْدُ، وَهُوَ عَلَى كُلِّ شَيْءٍ قَدِير,سبحان الله وبحمده,19.5%,❌ Mismatch
96,`/audios/027_19.mp3`,Morning Adhkar,La ilaha illallah,Morning: Oneness (100x),((لاَ إِلَهَ إِلاَّ اللَّهُ، وَحْدَهُ لاَ شَرِيكَ لَهُ، لَهُ الْمُلْكُ وَلَهُ الْحَمْدُ وَهُوَ عَلَى كُلِّ شَيْءٍ قَدِير,2. لا إله إلا الله وحده لا شريك له له الملك وله الحمد وهو على كل شيء قدير,87.5%,✅ Match
97,`/audios/027_20.mp3`,Morning Adhkar,Morning Adhkar (20),Morning: Glorification (3x),((سُبْحَانَ اللَّهِ وَبِحَمْدِهِ: عَدَدَ خَلْقِهِ، وَرِضَا نَفْسِهِ، وَزِنَةَ عَرْشِهِ، وَمِدَادَ كَلِمَاتِهِ)) (ثلاثَ م,2. لا إله إلا الله وحده لا شريك له له الملك وله الحمد وهو على كل شيء قدير,37.1%,❌ Mismatch
98,`/audios/027_21.mp3`,Morning Adhkar,Morning Adhkar (21),Morning: Knowledge & Provisions,((اللَّهُمَّ إِنِّي أَسْأَلُكَ عِلْماً نَافِعاً، وَرِزْقاً طَيِّباً، وَعَمَلاً مُتَقَبَّلاً)) (إذا أصبحَ).,سبحان الله وبحمده عدد خلقه ودضانفسه وزنة عرشه ومداد كلماته,18.5%,❌ Mismatch
99,`/audios/027_22.mp3`,Morning Adhkar,Istighfar,Morning: Istighfar (100x),((أَسْتَغْفِرُ اللَّهَ وَأَتُوبُ إِلَيْهِ)) (مِائَةَ مَرَّةٍ فِي الْيَوْمِ).,111- اللهم إني أسألك علم النافعة ورزقا طيبة وعملا متقبلا,33.0%,❌ Mismatch
100,`/audios/027_23.mp3`,Morning Adhkar,Protection from Evil Eye,Morning: Salutations (10x),أَعُوذُ بِكَلِمَاتِ اللهِ التَّامَّاتِ مِنْ شَرِّ مَا خَلَقَ,أستغفر الله وأتوب إليه,37.3%,❌ Mismatch
101,`/audios/027_24.mp3`,Morning Adhkar,Alhamdulillah,Alhamdulillah,اَلْحَمْدُ لِلهِ وَحْدَهُ، وَالصَّلاَةُ وَالسَّلاَمُ عَلَى مَنْ لاَ نَبِيَّ بَعْدَهُ,أعوذ بكلمات الله التامات من شر ما خلق,34.5%,❌ Mismatch
102,`/audios/027_25.mp3`,Morning Adhkar,Morning Adhkar (25),"O Allahu im, mëshiroje dhe...",اَللَّهُمَّ صَلِّ وَسَلِّمْ عَلَى نَبَيِّنَا مُحَمَّدٍ,اللهم صل وسلم على نبينا محمد,100.0%,✅ Match
103,`/audios/028_01.mp3`,Before Sleeping,Before Sleeping (1),When retiring to his bed...,((يَجْمَعُ كَفَّيْهِ ثُمَّ يَنْفُثُ فِيهِمَا فَيَقْرَأُ فِيهِمَا:بسم الله الرحمن الرحيم ﴿قُلْ هُوَ اللَّهُ أَحَدٌ * اللّ,2. بسم الله الرحمن الرحيم 3. قل هو الله أحد 4. الله الصمد 5. لم يلد ولم يولد 6. ولم يكله كفوًا أحد 7. بسم الله الرحمن ال,75.4%,⚠️ Partial
104,`/audios/028_02.mp3`,Before Sleeping,Before Sleeping (2),Allah - there is no...,﴿اللَّهُ لاَ إِلَهَ إِلاَّ هُوَ الْحَيُّ الْقَيُّومُ لاَ تَأْخُذُهُ سِنَةٌ وَلاَ نَوْمٌ لَّهُ مَا فِي السَّمَوَاتِ وَمَا,بسم الله الرحمن الرحيم الله لا إله إلا هو الحي القيوم لا تأخذه سنة ولا نوم لهما في السماوات وما في الأرض منذ الذي يشفى ع,76.4%,⚠️ Partial
105,`/audios/028_03.mp3`,Before Sleeping,Before Sleeping (3),The Messenger has believed in...,﴿آمَنَ الرَّسُولُ بِمَا أُنزِلَ إِلَيْهِ مِن رَّبِّهِ وَالْمُؤْمِنُونَ كُلٌّ آمَنَ بِاللَّهِ وَمَلآئِكَتِهِ وَكُتُبِهِ و,2. بسم الله الرحمن الرحيم 3. آمن الرسول بما أنزل إليه من ربه والمؤمنون 4. كل أمن بالله وملائكته وكتبه ورسله 5. لا نفرق ب,85.0%,⚠️ Partial
106,`/audios/028_04.mp3`,Before Sleeping,Before Sleeping (4),"In Your name my Lord,...",((بِاسْمِكَ رَبِّي وَضَعْتُ جَنْبِي، وَبِكَ أَرْفَعُهُ، فَإِن أَمْسَكْتَ نَفْسِي فارْحَمْهَا، وَإِنْ أَرْسَلْتَهَا فَاحْ,بسمك ربي وضعت جنبي وبك أرفعه فإن أمسكت نفسي فرحمها وإن أرسلتها فحفظها بما تحفظ به عبادك الصالحين,96.5%,✅ Match
107,`/audios/028_05.mp3`,Before Sleeping,Before Sleeping (5),"O Allah, verily You have...",((اللَّهُمَّ إِنَّكَ خَلَقْتَ نَفْسِي وَأَنْتَ تَوَفَّاهَا، لَكَ مَمَاتُهَا وَمَحْياهَا، إِنْ أَحْيَيْتَهَا فَاحْفَظْهَا,اللهم إنك خلقت نفسي وانت تتوفاها لك ماتها ومحياها إن أحييتها فحفظها وإن أمتها فاوفر لها اللهم إني أسألك العافية,95.6%,✅ Match
108,`/audios/028_06.mp3`,Before Sleeping,Sleeping on Right Side,Sleeping on Right Side,((اللَّهُمَّ قِنِي عَذَابَكَ يَوْمَ تَبْعَثُ عِبَادَكَ)).,111- اللهم اقني عذابك يوم تبعث عبادك,98.4%,✅ Match
109,`/audios/028_07.mp3`,Before Sleeping,Before Sleeping,Before Sleeping,((بِاسْمِكَ اللَّهُمَّ أَمُوتُ وَأَحْيَا)).,بسمك اللهما أموت وأحيا,95.5%,✅ Match
110,`/audios/028_08.mp3`,Before Sleeping,Before Sleeping (8),How Perfect Allah is. thirty-three...,((سُبْحَانَ اللَّهِ (ثلاثاً وثلاثين) وَالْحَمْدُ لِلَّهِ (ثلاثاً وثلاثين) وَاللَّهُ أَكْبَرُ (أربعاً وثلاثينَ))).,[FILE NOT FOUND],0.0%,🔇 No Audio
111,`/audios/028_09.mp3`,Before Sleeping,Before Sleeping (9),"O Allah, Lord of the...",((اللَّهُمَّ رَبَّ السَّمَوَاتِ السَّبْعِ وَرَبَّ الأَرْضِ، وَرَبَّ الْعَرْشِ الْعَظِيمِ، رَبَّنَا وَرَبَّ كُلِّ شَيْءٍ،,7. اللهم رب السماوات السبع ورب العرش العظيم 8. ربنا ورب كل شيء فالق الحب والنوى ومنزل التورات والإنجين والفرقان 9. أعوذ,80.3%,⚠️ Partial
112,`/audios/028_10.mp3`,Before Sleeping,Before Sleeping (10),"All praise is for Allah,...",((الْحَمْدُ لِلَّهِ الَّذِي أَطْعَمَنَا وَسَقَانَا، وَكَفَانَا، وَآوَانَا، فَكَمْ مِمَّنْ لاَ كَافِيَ لَهُ وَلاَ مُؤْوِي,الحمد لله الذي أطعمنا وسقعنا وكفانا وآوانا فكم من من لا كافي له ولا مؤوي,95.2%,✅ Match
113,`/audios/028_11.mp3`,Before Sleeping,Before Sleeping (11),"O Allah, Knower of the...",((اللَّهُمَّ عَالِمَ الغَيْبِ وَالشَّهَادَةِ فَاطِرَ السَّمَوَاتِ وَالْأَرْضِ، رَبَّ كُلِّ شَيْءٍ وَمَلِيكَهُ، أَشْهَدُ,17. اللهم علم الغيب والشهادة فاطر السماوات والأرض رب كل شيء ومليكة أشهد أن لا إله إلا أنت أعوذ بك من شر نفسي ومن شر الشي,96.5%,✅ Match
114,`/audios/028_12.mp3`,Before Sleeping,Before Sleeping (12),The Prophet never used to...,((يَقْرَأُ ﴿الم﴾ تَنْزِيلَ السَّجْدَة ِ،  وَتَبَارَكَ الَّذي بِيَدِهِ الْمُلْكُ)).,اللهم أسلمت نفسي إليك وفوت أمر إليك ووجهت وجهي إليك وألجأت ظهري إليك رغبة ورهبة إليك لا ملجأ ولا من جامك إلا إليك آمنت ب,23.0%,❌ Mismatch
115,`/audios/029_01.mp3`,Stirring in Night,La ilaha illallah,La ilaha illallah,((لاَ إِلَهَ إِلاَّ اللَّهُ الْوَاحِدُ الْقَهّارُ، رَبُّ السَّمَوَاتِ وَالْأَرْضِ وَمَا بَيْنَهُمَا الْعَزيزُ الْغَفَّار,لا إله إلا الله الواحد القهار رب السماوات والأرض وما بينهما العزيز الغفار,98.6%,✅ Match
116,`/audios/030_01.mp3`,Fear/Loneliness at Night,Fear/Loneliness at Night,Fear/Loneliness at Night,((أَعُوذُ بِكَلِمَاتِ اللَّهِ التَّامَّاتِ مِنْ غَضَبِهِ وَعِقَابِهِ، وَشَرِّ عِبَادِهِ، وَمِنْ هَمَزَاتِ الشَّياطِينِ و,أعوذ بكلمات الله التامات من غضبه وعقابه وشرعباده ومنها مزات الشياطين وأي يحضرون,95.0%,✅ Match
117,`/audios/031_01.mp3`,Bad Dream/Nightmare,Bad Dream/Nightmare,Bad Dream/Nightmare,((يَنْفُثُ عَنْ يَسَارِهِ)) (ثلاثاً).,[FILE NOT FOUND],0.0%,🔇 No Audio
118,`/audios/032_01.mp3`,Qunut in Witr,Qunut in Witr (1),"O Allah, guide me along...",((اللَّهُمَّ اهْدِنِي فِيمَنْ هَدَيْتَ، وَعَافِنِي فِيمَنْ عَافَيْتَ، وَتَوَلَّنِي فِيمَنْ تَوَلَّيْتَ، وَبَارِكْ لِي فِ,111- اللهم اهدني في من هديت وعافني في من عافيت وتولني في من توليت وباركلي فيما اعطيت وقني شر ما قضيت فإنك تقضي ولا يقضى,95.2%,✅ Match
119,`/audios/032_02.mp3`,Qunut in Witr,Qunut in Witr (2),"O Allah, I take refuge...",((اللَّهُمَّ إِنِّي أَعُوذُ بِرِضَاكَ مِنْ سَخَطِكَ، وَبِمُعَافَاتِكَ مِنْ عُقُوبَتِكَ، وَأَعُــــوذُ بِكَ مِنْكَ، لاَ أ,اللهم إني أعوذ برضاك من سخطك وبمعافاتك من عقوبتك وأعوذ بك منك لا أحصي ثناء عليك أنت كما أثنيت على نفسك,96.2%,✅ Match
120,`/audios/032_03.mp3`,Qunut in Witr,Qunut in Witr (3),"O Allah, it is You...",((اللَّهُمَّ إِيَّاكَ نعْبُدُ، وَلَكَ نُصَلِّي وَنَسْجُدُ، وَإِلَيْكَ نَسْعَى وَنَحْفِدُ، نَرْجُو رَحْمَتَكَ، وَنَخْشَى,112. اللهم إياك نعبد ولكن صلي ونسجد وإليك نسعة ونحفد نرجو رحمتك ونخشى عذابك إن عذابك بالكافرين ملحق 113. اللهم إنا نستعي,95.4%,✅ Match
121,`/audios/033_01.mp3`,After Witr Prayer,After Witr Prayer,After Witr Prayer,((سُبْحَانَ المَلِكِ القُدُّوسِ)) ثلاثَ مرَّاتٍ والثَّالِثَةُ يَجْهَرُ بها ويَمُدُّ بها صَوتَهُ يقولُ: [رَبِّ الْمَلاَئِ,2. سبحان الملك القدوس 3. رب الملائكة والروح,61.2%,⚠️ Partial
122,`/audios/034_01.mp3`,Worry & Grief,Worry & Grief (1),"O Allah, I am Your...",((اللَّهُمَّ إِنِّي عَبْدُكَ، ابْنُ عَبْدِكَ، ابْنُ أَمَتِكَ، نَاصِيَتِي بِيَدِكَ، مَاضٍ فِيَّ حُكْمُكَ، عَدْلٌ فِيَّ قَ,1- الله لا إله إلا هو الحي القيوم 2- لا تأخذه سنة ولا نوم 3- لهما في السماوات وما في الأرض 4- من ذا الذي يشفع عنده إلا ب,4.1%,❌ Mismatch
123,`/audios/034_02.mp3`,Worry & Grief,Dua for Anxiety,Dua for Anxiety,((اللَّهُمَّ إِنِّي أَعُوذُ بِكَ مِنَ الْهَمِّ وَالْحَزَنِ، وَالْعَجْزِ وَالْكَسَلِ، وَالْبُخْلِ وَالْجُبْنِ، وَضَلَعِ ا,2. قل أعوذ برب الفلق من شر ما خلق ومن شر غاسق إذا وقب ومن شر نفافات في العقد ومن شر حاسد إذا حسد 3. بسم الله الرحمن رحيم,8.0%,❌ Mismatch
124,`/audios/035_01.mp3`,Anguish,Anguish (1),Oneness of Allah Forbearing. None...,((لاَ إِلَهَ إِلاَّ اللَّهُ الْعَظِيمُ الْحَلِيمُ، لاَ إِلَهَ إِلاَّ اللَّهُ رَبُّ الْعَرْشِ الْعَظِيمِ، لاَ إِلَهَ إِلا,2. لا إله إلا الله العظيم الحليم 3. لا إله إلا الله رب السماوات ورب الأرض ورب العرش الكريم,82.6%,⚠️ Partial
125,`/audios/035_02.mp3`,Anguish,Anguish (2),"O Allah, it is Your...",((اللَّهُمَّ رَحْمَتَكَ أَرْجُو، فَلاَ تَكِلْنِي إِلَى نَفْسِي طَرْفَةَ عَيْنٍ، وَأَصْلِحْ لِي شَأْنِي كُلَّهُ، لاَ إِلَ,111- اللهم رحمتك أرجو فلا تكلني إلى نفسي طرفت عين وأصلح لي شأني كله لا إله إلا أنت,96.8%,✅ Match
126,`/audios/035_03.mp3`,Anguish,Dua of Prophet Yunus,Dua of Prophet Yunus,((لاَ إِلَهَ إِلاَّ أَنْتَ سُبْحَانَكَ إِنِّي كُنْتُ مِنَ الظّالِمِينَ)).,لا إله إلا أن تسبحانك إني كنت من الظالمين,97.6%,✅ Match
127,`/audios/035_04.mp3`,Anguish,Anguish (4),"Allah, Allah is my Lord,...",((اللَّهُ اللَّهُ رَبِّي لاَ أُشْرِكُ بِهِ شَيْئاً)).,الله الله ربي لا أشرك به شيئا,100.0%,✅ Match
128,`/audios/036_01.mp3`,Meeting Adversary/Ruler,Meeting Adversary/Ruler (1),"O Allah, we place You...",((اللَّهُمَّ إِنَّا نَجْعَلُكَ فِي نُحُورِهِم، وَنَعُوذُ بِكَ مِنْ شُرُورِهِمْ)).,اللهم إنا نجعلك في نحورهم ونعوذ بك من شرورهم,98.9%,✅ Match
129,`/audios/036_02.mp3`,Meeting Adversary/Ruler,Meeting Adversary/Ruler (2),"O Allah, You are my...",((اللَّهُمَّ أَنْتَ عَضُدِي، وَأَنْتَ نَصِيرِي، بِكَ أَحُولُ وَبِكَ أَصُولُ، وَبِكَ أُقاتِلُ)).,111- اللهم أنت عدد وأنت نصير بك أجول وبك أصول وبك أقاتل,91.4%,✅ Match
130,`/audios/036_03.mp3`,Meeting Adversary/Ruler,Hasbunallah,Hasbunallah,((حَسْبُنا اللَّهُ وَنِعْمَ الْوَكِيلُ)).,حسبنا الله ونعم الوكيل,100.0%,✅ Match
131,`/audios/037_01.mp3`,Oppression of Rulers,Oppression of Rulers (1),"O Allah, Lord of the...",((اللَّهُمَّ ربَّ السَّمَوَاتِ السَّبْعِ، وَرَبَّ الْعَرْشِ الْعَظِيمِ، كُنْ لِي جَاراً مِنْ فُلاَنِ بْنِ فُلاَنٍ، وَأَح,اللهم رب السماوات السبع ورب العرش العظيم كل يجارا من فلان بن فلان وأحزابه من خلائقك أن يفرط علي أحد منهم أو يطغى عز جارك,95.3%,✅ Match
132,`/audios/037_02.mp3`,Oppression of Rulers,Oppression of Rulers (2),"Allah is the Most Great,...",((اللَّهُ أَكْبَرُ، اللَّهُ أَعَزُّ مِنْ خَلْقِهِ جَمِيعاً، اللَّهُ أَعَزُّ مِمَّا أَخَافُ وَأَحْذَرُ، أَعُوذُ بِاللَّهِ,7. الله أكبر الله أعز من خلقه جميعا 8. الله أعز مما أخاف وأحذر أعوذ بالله الذي لا إله إلا هو 9. الممسك السماوات السبع أن,62.7%,⚠️ Partial
133,`/audios/038_01.mp3`,Against Enemy,Against Enemy,Against Enemy,((اللَّهُمَّ مُنْزِلَ الْكِتَابِ، سَرِيعَ الْحِسَابِ، اهْزِمِ الأَحْزَابَ، اللَّهُمَّ اهزِمْهُمْ وَزَلْزِلْهُمْ)).,دعاء against the enemy,5.7%,❌ Mismatch
134,`/audios/039_01.mp3`,Fear of Harm,Fear of Harm,Fear of Harm,((اللَّهُمَّ اكْفِنِيهِمْ بِمَا شِئْتَ)).,اللهم اكفنيهم بما شئ,97.6%,✅ Match
135,`/audios/040_01.mp3`,Doubt in Faith,Doubt in Faith (1),1. Duhet kërkuar mbrojtje nga...,((يَسْتَعِيذُ بِاللَّهِ و يَنْتَهِي عَمَّا شك فِيهِ)).,آمنت بالله ورسله,42.5%,❌ Mismatch
136,`/audios/040_02.mp3`,Doubt in Faith,Doubt in Faith (2),He should say: I have...,((يَقُولُ: ((آمَنْتُ بِاللَّهِ وَرُسُلِهِ)).,2. هو الأول والآخر والظاهر والباطن وهو بكل شيء عليم,26.1%,❌ Mismatch
137,`/audios/040_03.mp3`,Doubt in Faith,Doubt in Faith (3),He should also recite the...,((يَقْرَأُ قَوْلَهُ تَعَالَى: ﴿هُوَ الْأوَّلُ وَالْآخِرُ وَالظّاهِرُ وَالْباطِنُ وَهُوَ بِكُلِّ شَيْءٍ عَلِيمٌ﴾)).,[FILE NOT FOUND],0.0%,🔇 No Audio
138,`/audios/041_01.mp3`,Settling Debt,Dua to Repay Debt,Dua to Repay Debt,((اللَّهُمَّ اكْفِنِي بِحَلاَلِكَ عَنْ حَرَامِكَ، وَأَغْنِنِي بِفَضْلِكِ عَمَّنْ سِوَاكَ)).,الله مكفيني بحلالك عن حرامك وأغنيني بفضلك عماً سواك,92.0%,✅ Match
139,`/audios/041_02.mp3`,Settling Debt,Dua for Anxiety,Dua for Anxiety,((اللَّهُمَّ إِنِّي أَعُوذُ بِكَ مِنَ الْهَمِّ وَالْحَزَنِ، وَالْعَجْزِ وَالْكَسَلِ، وَالْبُخْلِ وَالْجُبْنِ، وَضَلَعِ ا,اللهم إني أعوذ بك من الهم والحزن والعجز والكسل والبخل والجبن وضل ع الدين وغلبت الرجال,96.5%,✅ Match
140,`/audios/042_01.mp3`,Satan's Distraction,Against Shaitan,Against Shaitan,((أَعُوذُ بِاللَّهِ مِنَ الشَّيطَانِ الرَّجِيمِ، وَاتْفُلْ عَلَى يَسَارِكَ (ثلاثاً))).,[FILE NOT FOUND],0.0%,🔇 No Audio
141,`/audios/043_01.mp3`,Becoming Difficult,Becoming Difficult,Becoming Difficult,((اللَّهُمَّ لاَ سَهْلَ إِلاَّ مَا جَعَلْتَهُ سَهْلاً، وَأَنْتَ تَجْعَلُ الْحَزْنَ إِذَا شِئْتَ سَهْلاً)).,اللهم لا سهل إلا ما جعلته سهلا وأنت تجعل الحزن إذا شئت سهلا,99.2%,✅ Match
142,`/audios/044_01.mp3`,If Sin is Committed,If Sin is Committed,If Sin is Committed,((مَا مِنْ عَبْدٍ يُذنِبُ ذَنْباً فَيُحْسِنُ الطُّهُورَ، ثُمَّ يَقُومُ فَيُصَلِّي رَكْعَتَيْنِ، ثُمَّ يَسْتَغْفِرُ اللَّ,[FILE NOT FOUND],0.0%,🔇 No Audio
143,`/audios/045_01.mp3`,Satan's Promptings,Satan's Promptings,Satan's Promptings,((الْاسْتِعَاذَةُ بِاللَّهِ مِنْهُ)).,[FILE NOT FOUND],0.0%,🔇 No Audio
144,`/audios/046_01.mp3`,Dislike/Failure,Dislike/Failure (1),Allah has decreed and what...,((قَدَرُ اللَّهُ وَمَا شَاءَ فَعَلَ)).,قدر الله وما شاء فعل,100.0%,✅ Match
145,`/audios/046_02.mp3`,Dislike/Failure,Dislike/Failure (2),Zoti i Melaikeve dhe i...,رَبِّ الْمَلاَئِكَةِ وَالرُّوحِ,[FILE NOT FOUND],0.0%,🔇 No Audio
146,`/audios/047_01.mp3`,New Parents Congratulation,For New Baby,For New Baby,((بَارَكَ اللَّهُ لَكَ فِي الْمَوْهُوبِ لَكَ، وَشَكَرْتَ الْوَاهِبَ، وَبَلَغَ أَشُدَّهُ، وَرُزِقْتَ بِرَّهُ)). وَيَرُدُّ,بارك الله لك في المهوب لك، وشكرت الواهب، وبلغ أشده، ورزقت براه بارك الله لك، وبارك عليك، وجزاك الله خيرا، ورزقك الله مثل,89.5%,✅ Match
147,`/audios/048_01.mp3`,Protection for Children,Protection for Children,Protection for Children,كَانَ رَسُولُ اللَّهِ صلى الله عليه وسلم يُعَوِّذُ الحَسَنَ وَالحُسَينَ رضي الله عنهما ((أُعِيذُكُمَا بِكَلِمَاتِ اللَّ,وعيذكم بكلمات الله التامة من كل شيطان وهامة ومن كل عين اللامة,62.4%,⚠️ Partial
148,`/audios/049_01.mp3`,Visiting the Sick,Inshallah,Inshallah,((لاَ بأْسَ طَهُورٌ إِنْ شَاءَ اللَّهُ)).,لا بأس طهور إن شاء الله,100.0%,✅ Match
149,`/audios/049_02.mp3`,Visiting the Sick,Visiting the Sick (2),"I ask Allah The Supreme,...",((أَسْأَلُ اللَّهَ الْعَظيمَ رَبَّ الْعَرْشِ الْعَظِيمِ أَنْ يَشْفيَكَ)) (سبع مرات).,أسأل الله العظيم رب العرش العظيم أن يشفيك,90.1%,✅ Match
150,`/audios/050_01.mp3`,Reward for Visiting Sick,Reward for Visiting Sick,Reward for Visiting Sick,قَالَ النَّبِيُّ صلى الله عليه وسلم: ((إِذَا عَادَ الرَّجُلُ أَخَاهُ الْمُسْلِمَ مَشَى فِي خِرَافَةِ الْجَنَّةِ حَتَّى ي,[FILE NOT FOUND],0.0%,🔇 No Audio
151,`/audios/051_01.mp3`,Terminally Ill,Terminally Ill (1),"‘O Allaah, forgive me, have...",((اللَّهُمَّ اغْفِرْ لِي، وَارْحَمْنِي، وَأَلْحِقْنِي بِالرَّفِيقِ الْأَعْلَى)).,اللهم اوفر لي ورحمني وألحقني بالرفيق الأعلى,94.4%,✅ Match
152,`/audios/051_02.mp3`,Terminally Ill,Terminally Ill (2),Aa.ishah radhi-yAllaahu anhaa related that...,((جَعَلَ النَّبِيُّ صلى الله عليه وسلم عِنْدَ مَوْتِهِ يُدْخِلُ يَدَيْهِ فِي الْمَاءِ فَيَمْسَحُ بِهِمَا وَجْهَهُ، وَيَق,[FILE NOT FOUND],0.0%,🔇 No Audio
153,`/audios/051_03.mp3`,Terminally Ill,Terminally Ill (3),Oneness of Allah and Allah...,((لاَ إِلَهَ إِلاَّ اللَّهُ وَاللَّهُ أَكْبَرُ، لاَ إِلَهَ إِلاَّ اللَّهُ وَحْدَهُ، لاَ إِلَهَ إِلاَّ اللَّهُ وَحْدَهُ ل,2. لا إله إلا الله والله أكبر لا إله إلا الله وحده لا شريك له الملك وله الحمد لا إله إلا الله ولا حول ولا قوة إلا بالله,84.1%,⚠️ Partial
154,`/audios/052_01.mp3`,Encouraging Dying Person,La ilaha illallah,La ilaha illallah,((مَنْ كَانَ آخِرُ كَلاَمِهِ لاَ إِلَهَ إِلاَّ اللَّهُ دَخَلَ الْجَنَّةَ)).,[FILE NOT FOUND],0.0%,🔇 No Audio
155,`/audios/053_01.mp3`,When Tragedy Strikes,Inna Lillahi,Inna Lillahi,((إِنَّا لِلَّهِ وَإِنَّا إِلَيْهِ رَاجِعُونَ، اللَّهُمَّ أْجُرْنِي فِي مُصِيبَتِي، وَأَخْلِفْ لِي خَيْرَاً مِنْهَا)).,2. إنا لله وإنا إليه راجعون 3. اللهم أأجرني في مصيبتي واخلف لي خيرا منها,96.2%,✅ Match
156,`/audios/054_01.mp3`,Closing Eyes of Dead,Closing Eyes of Dead,Closing Eyes of Dead,((اللَّهُمَّ اغْفِرْ لِفُلاَنٍ (بِاسْمِهِ) وَارْفَعْ دَرَجَتَهُ فِي الْمَهْدِيِّينَ، وَاخْلُفْهُ فِي عَقِبِهِ فِي الْغَا,111- اللهم اغفر له وارفع درجته في المهديين واخلفه في عقبه في الغابرين واغفر لنا وله يا رب العالمين وافسح له في قبره ونور,94.9%,✅ Match
157,`/audios/055_01.mp3`,Funeral Prayer (Adult),Funeral Prayer (Adult) (1),"O Allah, forgive and have...",((اللَّهُمَّ اغْفِرْ لَهُ وَارْحَمْهُ، وَعَافِهِ، وَاعْفُ عَنْهُ، وَأَكْرِمْ نُزُلَهُ، وَوَسِّعْ مُدْخَلَهُ، وَاغْسِلْهُ,17. اللهم اغفل له ورحمه وعافه وعفعه وأكرم نزله ووسع مدخله واصله بالماء والثلج والبرد ونقه من الخطايا كما نقيت الثوب الأب,72.8%,⚠️ Partial
158,`/audios/055_02.mp3`,Funeral Prayer (Adult),Funeral Prayer (Adult) (2),"O Allah, forgive our living...",((اللَّهُمَّ اغْفِرْ لِحَيِّنَا وَمَيِّتِنَا، وَشَاهِدِنَا وَغَائِبِنَا، وَصَغِيرِنَا وَكَبيرِنَا، وَذَكَرِنَا وَأُنْثَا,172. اللهم آفل لحينا وميتنا وشاهدنا وغائبنا وصغيرنا وكبيرنا وذكرنا وأنثانا 173. اللهم من أحييته مننا فأحيه على الإسلام و,84.7%,⚠️ Partial
159,`/audios/055_03.mp3`,Funeral Prayer (Adult),Funeral Prayer (Adult) (3),"O Allah, so-and-so is under...",((اللَّهُمَّ إِنَّ فُلاَنَ بْنَ فُلاَنٍ فِي ذِمَّتِكَ، وَحَبْلِ جِوَارِكَ، فَقِهِ مِنْ فِتْنَةِ الْقَبْرِ، وَعَذَابِ الن,[FILE NOT FOUND],0.0%,🔇 No Audio
160,`/audios/055_04.mp3`,Funeral Prayer (Adult),Funeral Prayer (Adult) (4),"O Allah, Your servant and...",((اللَّهُمَّ عَبْدُكَ وَابْنُ أَمَتِكَ احْتَاجَ إِلَى رَحْمَتِكَ، وَأَنْتَ غَنِيٌّ عَنْ عَذَابِهِ، إِنْ كَانَ مُحْسِناً,اللهم عبدك وابن أمتك احتاج إلى رحمتك وانت غني عن عذابه إن كان محسنا فزد في حسناته وإن كان مسيئا فتجاوزا,95.3%,✅ Match
161,`/audios/055_05.mp3`,Funeral Prayer (Adult),Ayatul Kursi,Ayatul Kursi,,[FILE NOT FOUND],0.0%,🔇 No Audio
162,`/audios/056_01.mp3`,Funeral Prayer (Child),Funeral Prayer (Child) (1),"O Allah, protect him from...",((اللَّهُمَّ أَعِذْهُ مِنْ عَذَابِ القَبْرِ)) وإن قال: ((اللَّهُمَّ اجْعَلْهُ فَرَطاً وَذُخْراً لِوَالِدَيْهِ، وَشَفِيعا,اللهم أعظه من عذاب القبر,5.5%,❌ Mismatch
163,`/audios/056_02.mp3`,Funeral Prayer (Child),Funeral Prayer (Child) (2),"O Allah, make him for...",((اللَّهُمَّ اجْعَلْهُ لَنَا فَرَطاً، وَسَلَفاً، وَأَجْراً)).,اللهم جعله لنا فرطا وسلفا وأجرى,92.3%,✅ Match
164,`/audios/056_03.mp3`,Funeral Prayer (Child),Ayatul Kursi,Ayatul Kursi,,[FILE NOT FOUND],0.0%,🔇 No Audio
165,`/audios/057_01.mp3`,Bereaved,Bereaved (1),"Verily to Allah, belongs what...",((إِنَّ للَّهِ مَا أَخَذَ، وَلَهُ مَا أَعْطَى، وَكُلُّ شَيْءٍ عِنْدَهُ بِأَجَلٍ مُسَمَّى... فَلْتَصْبِرْ وَلْتَحْتَسِبْ),إن لله ما أخذ وله ما أعطى وكل شيء عنده بأجل مسمى فالتصبر والتحتسب,68.8%,⚠️ Partial
166,`/audios/057_02.mp3`,Bereaved,For New Baby,For New Baby,بَارَكَ اللهُ لَكَ فِي الْمَوْهُوبِ لَكَ، وَشَكَرْتَ الْوَاهِبَ، وَبَلَغَ أَشُدَّهُ، وَرُزِقْتَ بِرَّهُ,[FILE NOT FOUND],0.0%,🔇 No Audio
167,`/audios/057_03.mp3`,Bereaved,Bereaved (3),"Edhe ty të bekoftë Allahu,...",Kurse ky ia kthen duke thënë: بَارَكَ اللهُ لَكَ وَبَارَكَ عَلَيْكَ، وَجَزَاكَ اللهُ خَيْراً، وَرَزَقَكَ اللهُ مِثْلَهُ،,[FILE NOT FOUND],0.0%,🔇 No Audio
168,`/audios/058_01.mp3`,Placing in Grave,Before Eating,Before Eating,((بِسْمِ اللَّهِ وَعَلَى سُنَّةِ رَسُولِ اللَّهِ)).,بسم الله وعلى سنة رسول الله صلى الله عليه وسلم,74.0%,⚠️ Partial
169,`/audios/059_01.mp3`,After Burying,After Burying (1),"O Allah, forgive him. O...",((اللَّهُمَّ اغْفِرْ لَهُ، اللَّهُمَّ ثَبِّتْهُ)).,اللهم اغفر له اللهم ثبت,95.8%,✅ Match
170,`/audios/059_02.mp3`,After Burying,Ayatul Kursi,Ayatul Kursi,,[FILE NOT FOUND],0.0%,🔇 No Audio
171,`/audios/060_01.mp3`,Visiting Graves,Visiting Graves,Visiting Graves,((السَّلاَمُ عَلَيْكُمْ أَهْلَ الدِّيَارِ، مِنَ الْمُؤْمِنِينَ وَالْمُسْلِمِينَ، وَإِنَّا إِنْ شَاءَ اللَّهُ بِكُمْ لاَح,السلام عليكم أهل الديار من المؤمنين والمسلمين وإنا إن شاء الله بكم لاحقون ويرحم الله المستقدمين مننا والمستأخيرين أسأل ا,97.5%,✅ Match
172,`/audios/061_01.mp3`,Wind Blows,Wind Blows (1),"O Allah, I ask You...",((اللَّهُمَّ إِنِّي أَسْــــــأَلُكَ خَيْرَهَا، وَأَعُوذُ بِكَ مِنْ شَرِّهَا)).,اللهم إني أسألك خيرها وأعوذ بك من شذها,89.2%,✅ Match
173,`/audios/061_02.mp3`,Wind Blows,Wind Blows (2),"O Allah, I ask You...",((اللَّهُمَّ إِنِّي أَسْأَلُكَ خَيْرَهَا، وَخَيْرَ مَا فِيهَا، وَخَيْرَ مَا أُرْسِلَتْ بِهِ، وَأَعُوذُ بِكَ مِنْ شَرِّهَ,اللهم إني أسألك خيرها وخير ما فيها وخير ما أرسلت به وأعوذ بك من شرها وشر ما فيها وشر ما أرسلت به,97.5%,✅ Match
174,`/audios/062_01.mp3`,Thunder,When Hearing Thunder,When Hearing Thunder,((سُبْحَانَ الَّذِي يُسَبِّحُ الرَّعْدُ بِحَمْدِهِ وَالْمَلاَئِكةُ مِنْ خِيفَتِهِ)).,سبحان الذي يسبح الرعد بحمده والملائكة من خيفته,100.0%,✅ Match
175,`/audios/063_01.mp3`,Dua for Rain,Dua for Rain (1),"O Allah, send upon us...",((اللَّهُمَّ اسْقِنَا غَيْثاً مُغِيثاً مَرِيئاً مَرِيعاً، نَافِعاً غَيْرَ ضَارٍّ، عَاجِلاً غَيْرَ آجِلٍ)).,111- اللهم استنا غيفا نريثا مريا مريعة نافعا غير ضار عاجلا غير آجل,89.6%,✅ Match
176,`/audios/063_02.mp3`,Dua for Rain,Dua for Rain (2),"O Allah, relieve us, O...",((اللَّهُمَّ أَغِثْنَا، اللَّهُمَّ أَغِثْنَا، اللَّهُمَّ أَغِثْنَا)).,2. اللهم أرثنا,41.7%,❌ Mismatch
177,`/audios/063_03.mp3`,Dua for Rain,Dua for Rain (3),"O Allah, provide water for...",((اللَّهُمَّ اسْقِ عِبَادَكَ، وَبَهَائِمَكَ، وَانْشُرْ رَحْمَتَكَ، وَأَحْيِي بَلَدَكَ الْمَيِّتَ)).,اللهم استعبادك وبهائمك وانشر رحمتك وأحيي بلدك الميت,94.3%,✅ Match
178,`/audios/064_01.mp3`,When it Rains,When it Rains,When it Rains,((اللَّهُمَّ صَيِّباً نَافِعاً)).,اللهم صيب النافعة,84.9%,⚠️ Partial
179,`/audios/065_01.mp3`,After it Rains,After it Rains (1),We have been given rain...,((مُطِرْنَا بِفَضْلِ اللَّهِ وَرَحْمَتِهِ)).,مطرنا بفضل الله ورحمته,100.0%,✅ Match
180,`/audios/065_02.mp3`,After it Rains,After it Rains (2),"O Allahu im, bëje këtë...",Mirë është të thotë edhe: اَللَّهُمَّ اجْعَلْهُ فَرَطاً وَذُخْراً لِوَالِدَيْهِ، وَشَفِيعاً مُجَاباً، اَللَّهُمَّ ثَقِّل,[FILE NOT FOUND],0.0%,🔇 No Audio
181,`/audios/066_01.mp3`,Withholding Rain,Withholding Rain (1),"O Allah, let the rain...",((اللَّهُمَّ حَوَالَيْنَا وَلاَ عَلَيْنَا، اللَّهُمَّ عَلَى الآكَامِ وَالظِّرَابِ، وَبُطُونِ الْأَوْدِيَةِ، وَمَنَابِتِ,2. اللهم حوالينا ولا علينا 3. اللهم على الأاكام والظراب 4. وبطون الأودية ومنابت الشجر,96.1%,✅ Match
182,`/audios/066_02.mp3`,Withholding Rain,Withholding Rain (2),Allahu ta zmadhoftë shpërblimin dhe...,Gjithashtu mund të thuhet: أَعْظَمَ اللهُ أَجْرَكَ، وَأَحْسَنَ عَزَاءَكَ، وَغَفَرَ لِمَيِّتِكَ,[FILE NOT FOUND],0.0%,🔇 No Audio
183,`/audios/067_01.mp3`,Sighting New Moon,Sighting New Moon,Sighting New Moon,((اللَّهُ أَكْبَرُ، اللَّهُمَّ أَهِلَّهُ عَلَيْنَا بِالْأَمْنِ وَالْإِيمَانِ، وَالسَّلاَمَةِ وَالْإِسْلاَمِ، وَالتَّوْفِ,2. اللهم أهل له علينا بالأمن والإيمان والسلامة والإسلام والتوفيق لما تحب وترضى ربنا وربك الله,89.3%,✅ Match
184,`/audios/068_01.mp3`,Breaking Fast,Inshallah,Inshallah,((ذَهَبَ الظَّمَأُ وَابْتَلَّتِ العُرُوقُ، وَثَبَتَ الْأَجْرُ إِنْ شَاءَ اللَّهُ)).,ذهب الظمأ وابتلت العروق وثبت الأجر إن شاء الله,98.9%,✅ Match
185,`/audios/068_02.mp3`,Breaking Fast,Breaking Fast (2),"O Allah, I ask You...",((اللَّهُمَّ إِنِّي أَسْأَلُكَ بِرَحْمَتِكَ الَّتِي وَسِعَتْ كُلَّ شَيْءٍ أَنْ تَغْفِرَ لِي)).,اللهم إني أسألك برحمة كالتي وسعت كل شيء أن تغفر لي,96.0%,✅ Match
186,`/audios/069_01.mp3`,Before Eating,Before Eating,Before Eating,((إِذَا أَكَلَ أَحَدُكُمْ طَعَاماً فَلْيَقُلْ بِسْمِ اللَّهِ، فَإِنْ نَسِيَ فِي أَوَّلِهِ فَلْيَقُلْ بسمِ اللَّهِ فِي أَ,بسم الله,18.2%,❌ Mismatch
187,`/audios/069_02.mp3`,Before Eating,After Drinking Milk,After Drinking Milk,((مَنْ أَطْعَمَهُ اللَّهُ الطَّعَامَ فَلْيَقُلْ: اللَّهُمَّ بَارِكْ لَنَا فِيهِ وَأَطْعِمْنَا خَيْراً مِنْهُ، وَمَنْ سَق,بسم الله في أوله وآخره,24.5%,❌ Mismatch
188,`/audios/069_03.mp3`,Before Eating,After Drinking Milk,After Drinking Milk,"E atij që Allahu ia mundëson që të pijë qumësht, le të thotë: اَللَّهُمَّ بَارِكْ لَنَا فِيهِ وَزِدْنَا مِنْهُ",اللهم بارك لنا فيه وأطعمنا خيرا منه,82.5%,⚠️ Partial
189,`/audios/069_04.mp3`,Before Eating,Before Eating,Before Eating,"E nëse harron në fillim të ushqimit, atëherë le të thotë: بسمِ اللهِ فِي أَوَّلِهِ وَآخِرِهِ",اللهم بارك لنا فيه وزدنا منه,44.0%,❌ Mismatch
190,`/audios/070_01.mp3`,After Eating,After Eating (1),Praise for fed me this...,((الْحَمْدُ لِلَّهِ الَّذِي أَطْعَمَنِي هَذَا، وَرَزَقَنِيهِ، مِنْ غَيْرِ حَوْلٍ مِنِّي وَلاَ قُوَّةٍ)).,2. الحمد لله الذي أطعمني هذا ورزقنيه من غير حول مني ولا قوة,98.2%,✅ Match
191,`/audios/070_02.mp3`,After Eating,After Eating (2),Allah be praised with an...,((الْحَمْدُ لِلَّهِ حَمْداً كَثِيراً طَيِّباً مُبَارَكاً فِيهِ، غَيْرَ [مَكْفِيٍّ وَلاَ ] مُوَدَّعٍ، وَلاَ مُسْتَغْنَىً,الحمد لله حمدا كثيرا طيبا مباركا فيه غير مكفي ولا مودع ولا مستغنى عنه ربنا,98.7%,✅ Match
192,`/audios/071_01.mp3`,Dua for Host,Dua for Host,Dua for Host,((اللَّهُمَّ بَارِكْ لَهُمْ فِيمَا رَزَقْتَهُم، وَاغْفِرْ لَهُمْ وَارْحَمْهُمْ)).,اللهم بارك لهم فيما رزقتهم وغفر لهم ورحمهم,96.5%,✅ Match
193,`/audios/072_01.mp3`,Offer of Drink,Offer of Drink,Offer of Drink,((اللَّهُمَّ أَطْعِمْ مَنْ أَطْعَمَنِي، وَاسْقِ مَنْ سَقَانِي)).,اللهم أطعم من أطعمني وسط من ثقاني,91.2%,✅ Match
194,`/audios/073_01.mp3`,Breaking Fast with Host,Breaking Fast with Host,Breaking Fast with Host,((أَفْطَرَ عِنْدَكُمُ الصَّائِمُونَ، وَأَكَلَ طَعَامَكُمُ الْأَبْرَارُ، وَصَلَّتْ عَلَيْكُمُ الْمَلاَئِكَةُ)).,أفتر عندكم الصائمون وأكل طعامكم الأبرار وصلت عليكم الملائكة,96.7%,✅ Match
195,`/audios/074_01.mp3`,Declining Food,Declining Food,Declining Food,((إِذَا دُعِيَ أَحَدُكُمْ فَلْيُجِبْ، فَإِنْ كَانَ صَائِماً فَلْيُصَلِّ، وَإِنْ كَانَ مُفْطِراً فَلْيَطْعَمْ)) ، وَمَعْن,[FILE NOT FOUND],0.0%,🔇 No Audio
196,`/audios/075_01.mp3`,Rudeness to Fasting Person,Rudeness to Fasting Person,Rudeness to Fasting Person,((إِنِّي صَائِمٌ، إِنِّي صَائِمٌ)).,[FILE NOT FOUND],0.0%,🔇 No Audio
197,`/audios/076_01.mp3`,First Dates,First Dates,First Dates,((اللَّهُمَّ بَارِكْ لَنَا فِي ثَمَرِنَا، وَبَارِكْ لَنَا فِي مَدِينَتِنَا، وَبَارِكْ لَنَا فِي صَاعِنَا، وَبَارِكْ لَنَ,اللهم بارك لنا في ثمرنا وبارك لنا في مدينتنا وبارك لنا في صاعنا وبارك لنا في مدنا,98.2%,✅ Match
198,`/audios/077_01.mp3`,Sneezing,Sneezing,Sneezing,((إِذَا عَطَسَ أَحَدُكُم فَلْيَقُلِ الْحَمْدُ لِلَّهِ، وَلْيَقُلْ لَهُ أَخُوهُ أَوْ صَاحِبُهُ: يَرْحَمُكَ اللَّهُ، فَإِذ,الحمد لله يرحمك الله يهديكم الله ويصلح بلكم,53.1%,❌ Mismatch
199,`/audios/078_01.mp3`,Disbeliever Sneezing,Disbeliever Sneezing,Disbeliever Sneezing,((يَهْدِيكُمُ اللَّهُ وَيُصْلِحُ بَالَكُمْ)).,يهديكم الله ويصلح بالكم,100.0%,✅ Match
200,`/audios/079_01.mp3`,For the Groom,For the Groom,For the Groom,((بَارَكَ اللَّهُ لَكَ، وَبَارَكَ عَلَيْكَ، وَجَمَعَ بَيْنَكُمَا فِي خَيْرٍ)).,بارك الله لك وبارك عليك وجمع بينك ما في خير,96.5%,✅ Match
201,`/audios/080_01.mp3`,Groom's Supplication,Groom's Supplication,Groom's Supplication,إِذَا تَزَوَّجَ أَحَدُكُمُ امْرَأَةً، أَوْ إِذَا اشْتَرَى خَادِماً فَلْيَقُلْ: ((اللَّهُمَّ إِنِّي أَسْأَلُكَ خَيْرَهَا،,[FILE NOT FOUND],0.0%,🔇 No Audio
202,`/audios/081_01.mp3`,Before Intercourse,Before Eating,Before Eating,((بِسْمِ اللَّهِ، اللَّهُمَّ جَنِّبْنَا الشَّيْطَانَ، وَجَنِّبِ الشَّيْطَانَ مَا رَزَقْتَنَا)).,بسم الله اللهم جنبنا الشيطان وجنب الشيطان ما رزقتنا,98.1%,✅ Match
203,`/audios/082_01.mp3`,Anger,Against Shaitan,Against Shaitan,((أَعُوذُ بِاللَّهِ مِنَ الشَّيْطَانِ الرَّجِيمِ)).,أعوذ بالله من الشيطان الرجيم,100.0%,✅ Match
204,`/audios/082_02.mp3`,Anger,Ayatul Kursi,Ayatul Kursi,,[FILE NOT FOUND],0.0%,🔇 No Audio
205,`/audios/083_01.mp3`,Afflicted by Misfortune,Afflicted by Misfortune,Afflicted by Misfortune,((الْحَمْدُ لِلَّهِ الَّذِي عَافَانِي مِمَّا ابْتَلاَكَ بِهِ، وَفَضَّلَنِي عَلَى كَثِيرٍ مِمَّنْ خَلَقَ تَفْضِيلاً)).,الحمد لله الذي عافاني من مبتلاك به وفضلني على كثير من من خلق تفضيلة,92.5%,✅ Match
206,`/audios/084_01.mp3`,Sitting in Assembly,Sitting in Assembly,Sitting in Assembly,((عَنِ ابْنِ عُمَرَ رضي الله عنه قَاَلَ: كَانَ يُعَدُّ لِرَسُولِ اللَّهِ صلى الله عليه وسلم فِي الْمَجْلِسِ الوَاحِدِ مِ,رب غفلي وتب علي إنك أنت التواب الغفور,39.8%,❌ Mismatch
207,`/audios/085_01.mp3`,Expiation of Assembly,Expiation of Assembly,Expiation of Assembly,((سُبْحَانَكَ اللَّهُمَّ وَبِحَمْدِكَ، أَشْهَدُ أَنْ لاَ إِلَهَ إِلاَّ أَنْتَ، أَسْتَغْفِرُكَ وَأَتُوبُ إِلَيْكَ)).,سبحانك اللهم وبحمدك أشهد أن لا إله إلا أنت أستغفرك وأتوب إليك,98.4%,✅ Match
208,`/audios/086_01.mp3`,May Allah Forgive You,May Allah Forgive You,May Allah Forgive You,((وَلَكَ)).,[FILE NOT FOUND],0.0%,🔇 No Audio
209,`/audios/087_01.mp3`,Good Done to You,Good Done to You,Good Done to You,((جَزَاكَ اللَّهُ خَيْراً)).,جزاك الله خيرا,100.0%,✅ Match
210,`/audios/088_01.mp3`,Protection from Dajjal,Protection from Dajjal,Protection from Dajjal,((مَنْ حَفِظَ عَشْرَ آيَاتٍ مِنْ أَوَّلِ سُورَةِ الْكَهْفِ عُصِمَ مِنَ الدَّجَّالِ)) ، وَالْاسْتِعَاذَةُ بِاللَّهِ مِنْ,[FILE NOT FOUND],0.0%,🔇 No Audio
211,`/audios/089_01.mp3`,Love for Allah's Sake,Love for Allah's Sake,Love for Allah's Sake,((أَحَبَّكَ الَّذِي أَحْبَبْتَنِي لَهُ)).,أحبك الذي أحببتني له,100.0%,✅ Match
212,`/audios/090_01.mp3`,Share of Wealth,Share of Wealth,Share of Wealth,((بَارَكَ اللَّهُ لَكَ فِي أَهْلِكَ وَمَالِكَ)).,بارك الله لك في أهلك ومالك,100.0%,✅ Match
213,`/audios/091_01.mp3`,Receipt of Loan,Receipt of Loan,Receipt of Loan,((بارَكَ اللَّهُ لَكَ فِي أَهْلِكَ وَمَالِكَ، إِنَّمَا جَزَاءُ السَّلَفِ الْحَمْدُ وَالأَدَاءُ)).,بارك الله لك في أهلك ومالك إنما جزاء السلف الحمد والأداء,99.1%,✅ Match
214,`/audios/092_01.mp3`,Fear of Shirk,Fear of Shirk,Fear of Shirk,((اللَّهُمَّ إِنِّي أَعُوذُ بِكَ أَنْ أُشْرِكَ بِكَ وَأَنَا أَعْلَمُ، وَأَسْتَغْفِرُكَ لِمَا لاَ أَعْلَمُ)).,اللهم إني أعوذ بك أن أشلك بك وأنا أعلم وأستغفرك لما لا أعلم,97.5%,✅ Match
215,`/audios/093_01.mp3`,May Allah Bless You,May Allah Bless You,May Allah Bless You,((وَفِيكَ بَارَكَ اللَّهُ)).,[FILE NOT FOUND],0.0%,🔇 No Audio
216,`/audios/094_01.mp3`,Against Evil Portent,Against Evil Portent,Against Evil Portent,((اللَّهُمَّ لاَ طَيْرَ إِلاَّ طَيْرُكَ، وَلاَ خَيْرَ إِلاَّ خَيْرُكَ، وَلاَ إِلَهَ غَيْرُكَ)).,اللهم لا طير إلا طيرك ولا خير إلا خيرك ولا إله غيرك,98.1%,✅ Match
217,`/audios/095_01.mp3`,Riding Vehicle,Riding Vehicle (1),In the name of Allah...,((بِسْمِ اللَّهِ، وَالْحَمْدُ للَّهِ ﴿سُبْحَانَ الَّذِي سَخَّرَ لَنَا هَذَا وَمَا كُنَّا لَهُ مُقْرِنِينَ، وَإِنَّا إِلَ,2. بسم الله الحمد لله 3. سبحان الذي سخر لنا هذا وما كنا له مقرنين وإنا إلى ربنا لمن قلبون 4. الحمد لله 5. الله أكبر الله,64.7%,⚠️ Partial
218,`/audios/095_02.mp3`,Riding Vehicle,Ayatul Kursi,Ayatul Kursi,,[FILE NOT FOUND],0.0%,🔇 No Audio
219,`/audios/096_01.mp3`,Traveling,Traveling,Traveling,اللَّهُ أَكْبَرُ، اللَّهُ أَكْبَرُ، اللَّهُ أَكْبَرُ، ﴿سُبْحَانَ الَّذِي سَخَّرَ لَنَا هَذَا وَمَا كُنَّا لَهُ مُقْرِنِي,2. الله أكبر سبحان الذي سخر لنا هذا وما كنا له مقرنين وإنا إلى ربنا لمن قلبون 3. اللهم إنا نسألك في سفرنا هذا البر والتق,70.7%,⚠️ Partial
220,`/audios/097_01.mp3`,Entering Town/City,Entering Town/City,Entering Town/City,((اللَّهُمَّ رَبَّ السَّمَوَاتِ السَّبْعِ وَمَا أَظْلَلْنَ، وَرَبَّ الأَرَضِينَ السَّبْعِ وَمَا أَقْلَلْنَ، وَرَبَّ الشّ,17. اللهم رب السماوات السبع وما أظلل ورب الأرضين السبع وما أقلل ورب الشياطين وما أظلل ورب الرياح وما ذرين 18. أسألك خير,96.1%,✅ Match
221,`/audios/098_01.mp3`,Entering Market,Entering Market,Entering Market,((لاَ إِلَهَ إِلاَّ اللَّهُ وَحْدَهُ لاَ شَرِيكَ لَهُ، لَهُ الْمُلْكُ، وَلَهُ الْحَمْدُ، يُحْيِي وَيُمِيتُ، وَهُوَ حَيٌّ,2. لا إله إلا الله وحده لا شريك له له الملك وله الحمد يحيي ويميت وهو حي لا يموت بيده الخير وهو على كل شيء قدير,97.3%,✅ Match
222,`/audios/099_01.mp3`,Vehicle Fails,Before Eating,Before Eating,((بِسْمِ اللَّهِ)).,[FILE NOT FOUND],0.0%,🔇 No Audio
223,`/audios/100_01.mp3`,Traveler to Resident,Traveler to Resident,Traveler to Resident,((أَسْتَوْدِعُكُمُ اللَّهَ الَّذِي لاَ تَضِيعُ وَدَائِعُهُ)).,أستودعكم الله الذي لا تضيع ودائعه,100.0%,✅ Match
224,`/audios/101_01.mp3`,Resident to Traveler,Resident to Traveler (1),"I place your religion, your...",(( أَسْتَوْدِعُ اللَّهَ دِينَكَ، وَأَمَانَتَكَ، وَخَوَاتِيمَ عَمَلِكَ)).,أستودع الله دينك وأمانتك وخواتي معملك,94.7%,✅ Match
225,`/audios/101_02.mp3`,Resident to Traveler,Resident to Traveler (2),May Allah endow you with...,((زَوَّدَكَ اللَّهُ التَّقْوَى، وَغَفَرَ ذَنْبَكَ، وَيَسَّرَ لَكَ الخَيْرَ حَيْثُ ما كُنْتَ)).,ذودك الله التقوى وغفر ذنبك ويسر لك الخير حيث ما كنت,96.2%,✅ Match
226,`/audios/102_01.mp3`,Glorifying on Journey,Glorifying on Journey,Glorifying on Journey,قَالَ جَابِرٌ رضي الله عنه: ((كُنَّا إِذَا صَعَدْنَا كَبَّرْنَا، وَإِذَا نَزَلْنَا سَبَّحْنَا)).,[FILE NOT FOUND],0.0%,🔇 No Audio
227,`/audios/103_01.mp3`,Traveler at Dawn,Traveler at Dawn,Traveler at Dawn,((سَمَّعَ سَامِعٌ بِحَمْدِ اللَّهِ، وَحُسْنِ بَلاَئِهِ عَلَيْنَا، رَبَّنَا صاحِبْنَا، وَأَفْضِلْ عَلَيْنَا، عَائِذاً بِا,[FILE NOT FOUND],0.0%,🔇 No Audio
228,`/audios/104_01.mp3`,Layover on Journey,Protection from Evil Eye,Protection from Evil Eye,((أَعُوذُ بِكَلِمَاتِ اللَّهِ التَّامَّاتِ مِنْ شَرِّ مَا خَلَقَ)).,9 أعوذ بكلمات الله التامات من شر ما خلق,100.0%,✅ Match
229,`/audios/105_01.mp3`,Returning from Journey,Returning from Journey,Returning from Journey,((يُكَبِّرُ عَلَى كُلِّ شَرَفٍ ثَلاَثَ تَكْبِيرَاتٍ ثُمَّ يَقُولُ: لاَ إِلَهَ إِلاَّ اللَّهُ وَحْدَهُ لاَ شَرِيكَ لَهُ،,لا إله إلا الله وحده لا شريك له له الملك وله الحمد وهو على كل شيء قدير آيبون تائبون عابدون لربنا حامدون صدق الله وعده ون,85.5%,✅ Match
230,`/audios/106_01.mp3`,Pleasure/Displeasure,Pleasure/Displeasure,Pleasure/Displeasure,كَانَ النَّبِيُّ صلى الله عليه وسلم إِذَا أَتَاهُ الْأَمْرُ يَسُرُّهُ قَالَ: ((الْحَمْدُ لِلَّهِ الَّذِي بِنِعْمَتِهِ تَ,الحمد لله الذي بنعمته تتم الصالحات الحمد لله على كل حال,58.2%,❌ Mismatch
231,`/audios/107_01.mp3`,Blessings on Prophet,Blessings on Prophet,Blessings on Prophet,قَالَ النَّبِيُّ صلى الله عليه وسلم: ((مَنْ صَلَّى عَلَيَّ صَلاَةً صَلَّى اللَّهُ عَلَيْهِ بِهَا عَشْراً)).,[FILE NOT FOUND],0.0%,🔇 No Audio
232,`/audios/108_01.mp3`,Greeting of Salam,Greeting of Salam,Greeting of Salam,قَالَ رَسُولُ اللَّهِ صلى الله عليه وسلم: ((لاَ تَدْخُلُوا الْجَنَّةَ حَتَّى تُؤْمِنُوا، وَلاَ تُؤْمِنُوا حَتَّى تَحَابّ,[FILE NOT FOUND],0.0%,🔇 No Audio
233,`/audios/109_01.mp3`,Reply to Disbeliever,Reply to Disbeliever (1),When the people of the...,((إذَا سَلَّمَ عَلَيْكُمْ أَهْلُ الْكِتَابِ فَقُولُوا: وَعَلَيْكُمْ)).,وعليكم,27.3%,❌ Mismatch
234,`/audios/109_02.mp3`,Reply to Disbeliever,Reply to Disbeliever (2),"Falënderimi i qoftë Allahut, i...",I Dërguari i Allahut (a.s) kur i vinte ndonjë çështje e cila e gëzonte thoshte: اَلْحَمْدُ لِلهِ الَّذِي بِنِعْمَتِهِ تَ,[FILE NOT FOUND],0.0%,🔇 No Audio
235,`/audios/110_01.mp3`,Cock's Crow/Donkey's Bray,Cock's Crow/Donkey's Bray,Cock's Crow/Donkey's Bray,((إِذَا سَمِعْتُمْ صِيَاحَ الدِّيَكَةِ فَاسْأَلُوا اللَّهَ مِنْ فَضْلِهِ؛ فَإِنَّهَا رَأَتْ مَلَكاً وَإِذَا سَمِعْتُمْ ن,[FILE NOT FOUND],0.0%,🔇 No Audio
236,`/audios/111_01.mp3`,Dog Barking,Dog Barking (1),If you hear the barking...,((إِذَا سَمِعْتُمْ نُبَاحَ الْكِلاَبِ وَنَهِيقَ الْحَمِيرِ بِاللَّيْلِ فَتَعَوَّذُوا بِاللَّهِ مِنْهُنَّ؛ فَإِنَّهُنَّ ي,[FILE NOT FOUND],0.0%,🔇 No Audio
237,`/audios/111_02.mp3`,Dog Barking,Ayatul Kursi,Ayatul Kursi,,[FILE NOT FOUND],0.0%,🔇 No Audio
238,`/audios/112_01.mp3`,Spoken Ill To,Spoken Ill To (1),"O Allah, to any believer...",قَالَ النَّبِيُّ صلى الله عليه وسلم: ((اللَّهُمَّ فَأَيُّمَا مُؤْمِنٍ سَبَبْتُهُ فَاجْعَلْ ذَلِكَ لَهُ قُرْبَةً إِلَيْكَ,اللهم فأي ما مؤمن سببته فجعل ذلك له قربة إليك يوم القيامة,78.3%,⚠️ Partial
239,`/audios/112_02.mp3`,Spoken Ill To,Ayatul Kursi,Ayatul Kursi,,[FILE NOT FOUND],0.0%,🔇 No Audio
240,`/audios/113_01.mp3`,Praising a Muslim,Praising a Muslim,Praising a Muslim,قَالَ النَّبِيُّ صلى الله عليه وسلم: ((إِذَا كَانَ أَحَدُكُم مَادِحاً صَاحِبَهُ لاَ مَحَالَةَ فَلْيَقُلْ: أَحْسِبُ فُلاَ,[FILE NOT FOUND],0.0%,🔇 No Audio
241,`/audios/114_01.mp3`,When Praised,When Praised,When Praised,((اللَّهُمَّ لاَ تُؤَاخِذْنِي بِمَا يَقُولُونَ، وَاغْفِرْ لِي مَا لاَ يَعْلَمُونَ، [وَاجْعَلْنِي خَيْراً مِمَّا يَظُّنُّ,اللهما لا تؤخذني بما يقولون وغفل لي ما لا يعلمون وجعلني خيرا مما يظنون,94.4%,✅ Match
242,`/audios/115_01.mp3`,Talbiyah (Hajj/Umrah),Talbiyah (Hajj/Umrah),"Here I am O Allah,...",((لَبَّيْكَ اللَّهُمَّ لَبَّيْكَ، لَبَّيْكَ لاَ شَرِيكَ لَكَ لَبَّيْكَ، إِنَّ الْحَمْدَ، وَالنِّعْمَةَ، لَكَ وَالْمُلْكَ,2. لبيك اللهم لبيك لبيك لا شريك لك لبيك إن الحمد والنعمة لك والملك لا شريك لك,96.7%,✅ Match
243,`/audios/116_01.mp3`,Passing Black Stone,Passing Black Stone,Passing Black Stone,((طَافَ النَّبيُّ صلى الله عليه وسلم بِالْبَيْتِ عَلَى بَعِيرٍ كُلَّمَا أَتَى الرُّكْنَ أَشَارَ إِلَيْهِ بِشَيْءٍ عِنْدَ,[FILE NOT FOUND],0.0%,🔇 No Audio
244,`/audios/117_01.mp3`,Corner to Black Stone,Dua for Good in Both Worlds,Dua for Good in Both Worlds,((﴿رَبَّنَا آتِنَا فِي الدُّنْيَا حَسَنَةً وَفِي الْآخِرَةِ حَسَنَةً وَقِنَا عَذَابَ النَّارِ﴾)).,2. ربنا آتنا في الدنيا حسنة وفي الآخرة حسنة وقنا عذاب النار,100.0%,✅ Match
245,`/audios/118_01.mp3`,Safa and Marwah,Safa and Marwah (1),Jabir said when describing the...,لَمَّا دَنَا النَّبِيُّ صلى الله عليه وسلم مِنَ الصَّفَا قَرَأَ: ﴿إِنَّ الصَّفَا وَالْمَرْوَةَ مِنْ شَعَآئِرِ اللَّهِ﴾ أ,2. إن الصفى والمروة من شعائر الله,10.0%,❌ Mismatch
246,`/audios/118_02.mp3`,Safa and Marwah,Safa and Marwah (2),Nuk ka hyjni që meriton...,"Ka filluar nga Safaja, është ngjitur mbi të derisa e ka parë Qaben, është drejtuar nga kibla e ka madhëruar njësinë e Al",لا إله إلا الله وحده لا شريك له الملك وله الحمد وهو على كل شيء قدير لا إله إلا الله وحده أنجز وعده ونصر عبده وهزم الأحزا,96.9%,✅ Match
247,`/audios/119_01.mp3`,Day of Arafat,Day of Arafat,Day of Arafat,قَالَ النَّبِيُّ صلى الله عليه وسلم: ((خَيْرُ الدُّعَاءِ دُعَاءُ يَوْمِ عَرَفَةَ، وَخَيْرُ مَا قُلْتُ أَنَا وَالنَّبيُّو,2. لا إله إلا الله وحده لا شريك له له الملك وله الحمد وهو على كل شيء قدير,61.1%,⚠️ Partial
248,`/audios/120_01.mp3`,At Muzdalifah,At Muzdalifah,At Muzdalifah,رَكِبَ النَّبِيُّ صلى الله عليه وسلم الْقَصْوَاءَ حَتَّى أَتَى الْمَشْعَرَ الْحَرَامَ فَاسْتَقْبَلَ الْقِبْلَةَ (فَدَعَا,[FILE NOT FOUND],0.0%,🔇 No Audio
249,`/audios/121_01.mp3`,Stoning Pillars,Stoning Pillars,Stoning Pillars,((يُكَبِّرُ كُلَّمَا رَمَى بِحَصَاةٍ عِنْدَ الْجِمَارِ الثَّلاَثِ، ثُمَّ يَتَقَدَّمُ، ويَقِفُ يَدْعُو مُسْتَقْبِلَ الْقِ,[FILE NOT FOUND],0.0%,🔇 No Audio
250,`/audios/122_01.mp3`,Surprised/Startled,SubhanAllah,SubhanAllah,((سُبْحَانَ اللَّهِ!)).,سبحان الله,100.0%,✅ Match
251,`/audios/122_02.mp3`,Surprised/Startled,Allahu Akbar,Allahu Akbar,((اللَّهُ أَكْبَرُ!)).,الله أكبر,100.0%,✅ Match
252,`/audios/123_01.mp3`,Pleasurable Event,Pleasurable Event,Pleasurable Event,((كَانَ النَّبيُّ صلى الله عليه وسلم إِذَا أَتَاهُ أَمْرٌ يَسُرُّهُ أَوْ يُسَرُّ بِهِ خَرَّ سَاجِداً شُكْراً لِلَّهِ تَب,[FILE NOT FOUND],0.0%,🔇 No Audio
253,`/audios/124_01.mp3`,Pain in Body,Pain in Body,Pain in Body,((ضَعْ يَدَكَ عَلَى الَّذِي تَألَّمَ مِنْ جَسَدِكَ وَقُلْ: بِسْمِ اللَّهِ، ثَلاَثاً، وَقُلْ سَبْعَ مَرَّاتٍ: أَعُوذُ بِا,بسم الله، بسم الله، بسم الله، أعوذ بالله وقدرته من شد ما أجد وأحاذر,65.9%,⚠️ Partial
254,`/audios/125_01.mp3`,Fear of Evil Eye,Fear of Evil Eye,Fear of Evil Eye,((إِذَا رَأَى أَحَدُكُم مِنْ أَخِيهِ، أَوْ مِنْ نَفْسِهِ، أَوْ مِنْ مَالِهِ مَا يُعْجِبُهُ [فَلْيَدْعُ لَهُ بِالْبَرَكَة,[FILE NOT FOUND],0.0%,🔇 No Audio
255,`/audios/126_01.mp3`,Frightened,La ilaha illallah,La ilaha illallah,((لاَ إِلَهَ إِلاَّ اللَّهُ!)).,لا إله إلا الله,100.0%,✅ Match
256,`/audios/127_01.mp3`,Slaughtering/Sacrificing,Before Eating,Before Eating,((بِسْمِ اللَّهِ وَاللَّهُ أَكْبَرُ [اللَّهُمَّ مِنْكَ وَلَكَ] اللَّهُمَّ تَقَبَّلْ مِنِّي)).,بسم الله والله أكبر اللهم منك ولك اللهم تقبل مني,100.0%,✅ Match
257,`/audios/128_01.mp3`,Foil Devil's Plots,Foil Devil's Plots,Foil Devil's Plots,((أَعُوذُ بكَلِمَاتِ اللَّهِ التَّامَّاتِ الَّتِي لاَ يُجَاوِزُهُنَّ بَرٌّ وَلاَ فَاجِرٌ: مِنْ شَرِّ مَا خَلَقَ، وَبَرَأ,5 أعوذ بكلمات الله التامات التي لا يجاوزه النبر ولا فاجر من شر ما خلق وبرأ وذرأ ومن شر ما ينزل من السماء ومن شر ما يعرج,82.8%,⚠️ Partial
258,`/audios/129_01.mp3`,Repentance & Forgiveness,Istighfar,Istighfar,قَالَ رَسُولُ اللَّهِ صلى الله عليه وسلم: ((وَاللَّهِ إِنِّي لأَسْتَغفِرُ اللَّهَ وَأَتُوبُ إِلَيْهِ فِي الْيَوْمِ أَكْث,أستغفر الله العظيم الذي لا إله إلا هو الحيا القيوم وأتوب إليه,28.6%,❌ Mismatch
259,`/audios/130_01.mp3`,Excellence of Dhikr,Excellence of Dhikr (1),Whoever says:How perfect Allah is...,قَالَ صلى الله عليه وسلم مَنْ قَالَ: سُبْحَانَ اللَّهِ وَبِحَمْدِهِ فِي يَوْمٍ مِائَةَ مَرَّةٍ حُطَّتْ خَطَايَاهُ وَلَوْ,سبحان الله وبحمده,29.8%,❌ Mismatch
260,`/audios/130_02.mp3`,Excellence of Dhikr,Excellence of Dhikr (2),Abu Hurayrah reported that the...,وَقَالَ صلى الله عليه وسلم: ((مَنْ قَالَ لاَ إِلَهَ إِلاَّ اللَّهُ وَحْدَهُ لاَ شَرِيكَ لَهُ، لَهُ الْمُلْكُ، وَلَهُ الْ,لا إله إلا الله وحده لا شريك له له الملك وله الحمد وهو على كل شيء قدير,62.8%,⚠️ Partial
261,`/audios/130_03.mp3`,Excellence of Dhikr,Excellence of Dhikr (3),Aboo Hurayrah reported that the...,وَقَالَ صلى الله عليه وسلم: ((كَلِمَتَانِ خَفِيفَتَانِ عَلَى اللِّسَانِ، ثَقِيلَتَانِ فِي الْمِيزَانِ، حَبِيبَتَانِ إِلَ,سبحان الله وبحمده سبحان الله العظيم,43.5%,❌ Mismatch
262,`/audios/130_04.mp3`,Excellence of Dhikr,Excellence of Dhikr (4),Aboo Hurayrah reported that the...,وَقَالَ صلى الله عليه وسلم: ((لَأَنْ أَقُولَ سُبْحَانَ اللَّهِ، وَالْحَمْدُ لِلَّهِ، وَلاَ إِلَهَ إِلاَّ اللَّهُ، وَاللّ,سبحان الله والحمد لله ولا إله إلا الله والله أكبر,60.1%,⚠️ Partial
263,`/audios/130_05.mp3`,Excellence of Dhikr,Excellence of Dhikr (5),Sa’d said: ‘We were sitting...,وَقَالَ صلى الله عليه وسلم: ((أَيَعْجِزُ أَحَدُكُم أَنْ يَكْسِبَ كُلَّ يَوْمٍ أَلْفَ حَسَنَةٍ)) فَسَأَلَهُ سَائِلٌ مِنْ,سبحان الله العظيم وبحمده,14.7%,❌ Mismatch
264,`/audios/130_06.mp3`,Excellence of Dhikr,Excellence of Dhikr (6),Jabbir related that the Prophet...,((مَنْ قَالَ: سُبْحَانَ اللَّهِ الْعَظِيمِ وَبِحَمْدِهِ غُرِسَتْ لَهُ نَخْلَةٌ فِي الْجَنَّةِ)).,لا حول ولا قوة إلا بالله,23.4%,❌ Mismatch
265,`/audios/130_07.mp3`,Excellence of Dhikr,Excellence of Dhikr (7),AAabdullah Ibn Qays related that...,وَقَالَ صلى الله عليه وسلم: ((يَا عَبْدَ اللَّهِ بْنَ قَيْسٍ أَلاَ أَدُلُّكَ عَلَى كَنْزٍ مِنْ كُنُوزِ الْجَنَّةِ))؟ فَق,سبحان الله والحمد لله ولا إله إلا الله والله أكبر,30.2%,❌ Mismatch
266,`/audios/130_08.mp3`,Excellence of Dhikr,Excellence of Dhikr (8),the most beloved words to...,وَقَالَ صلى الله عليه وسلم: ((أَحَبُّ الْكَلاَمِ إِلَى اللَّهِ أَرْبَعٌ: سُبْحَانَ اللَّهِ، وَالْحَمْدُ لِلَّهِ، وَلاَ إ,لا إله إلا الله وحده لا شريك له الله أكبر كبيرا والحمد لله كثيرا سبحان الله رب العالمين لا حول ولا قوة إلا بالله العزيز,24.8%,❌ Mismatch
267,`/audios/130_09.mp3`,Excellence of Dhikr,Excellence of Dhikr (9),SaAAd Ibn Abee Waqqas narrated...,جَاءَ أَعْرَابِيٌّ إِلَى رَسُولِ اللَّهِ صلى الله عليه وسلم فَقَالَ: عَلِّمْنِي كَلاماً أَقُولُهُ: قَالَ: ((قُلْ: لاَ إِ,اللهم مغفر لي ورحمني وهدني وعافني ورزقني,9.5%,❌ Mismatch
268,`/audios/130_10.mp3`,Excellence of Dhikr,Excellence of Dhikr (10),Tariq Al-AshjaAAee said: ‘When someone...,كَانَ الرَّجُلُ إِذَا أَسْلَمَ عَلَّمَهُ النَّبيُّ صلى الله عليه وسلم الصَّلاَةَ ثُمَّ أَمَرَهُ أَنْ يَدْعُوَ بِهَؤُلاَء,سبحان الله والحمد لله ولا إله إلا الله والله أكبر ولا حول ولا قوت إلا بالله,34.6%,❌ Mismatch
269,`/audios/130_11.mp3`,Excellence of Dhikr,La ilaha illallah,La ilaha illallah,((إِنَّ أَفْضَلَ الدُّعَاءِ الْحَمْدُ لِلَّهِ، وَأَفْضَلَ الذِّكْرِ لاَ إِلَهَ إِلاَّ اللَّهُ)).,[FILE NOT FOUND],0.0%,🔇 No Audio
270,`/audios/130_12.mp3`,Excellence of Dhikr,La ilaha illallah,La ilaha illallah,الباقيات الصالحات : سبحان الله والحمد لله ، ولا إله إلا الله ،والله أكبر ،و لا حول ولا قوة إلا بالله,[FILE NOT FOUND],0.0%,🔇 No Audio
271,`/audios/131_01.mp3`,Prophet's Dhikr,Prophet's Dhikr,Prophet's Dhikr,عَنْ عَبْدِ اللَّهِ بْنِ عَمْرٍو رضي الله عنه قَالَ: ((رَأَيْتُ النَّبيَّ صلى الله عليه وسلم يَعْقِدُ التَّسْبِيحَ)) وفي,[FILE NOT FOUND],0.0%,🔇 No Audio
272,`/audios/132_01.mp3`,Goodness & Etiquette,Goodness & Etiquette,Goodness & Etiquette,وَصَلَّى اللهُ وَسَلَّمَ وَبَارَكَ عَلَى نَبِيِّنَا مُحَمَّدٍ وَعَلَى آلِهِ وَأَصْحَابِهِ أَجْمَعِينَ,[FILE NOT FOUND],0.0%,🔇 No Audio
273,`/audios/133_01.mp3`,Evening Adhkar,Against Shaitan,Evening: Protection from Shaitan,أَعُوذُ بِاللَّهِ مِنَ الشَّيطَانِ الرَّجِيمِ ﴿اللَّهُ لاَ إِلَهَ إِلاَّ هُوَ الْحَيُّ الْقَيُّومُ لاَ تَأْخُذُهُ سِنَةٌ,111- الله لا إله إلا هو الحي القيوم 112- لا تأخذه سنة ولا نوم 113- له ما في السماوات وما في الأرض 114- من ذا الذي يشفع ع,93.2%,✅ Match
274,`/audios/133_02.mp3`,Evening Adhkar,Evening Adhkar (2),Evening: 3 Quls (3x),(بسم الله الرحمن الرحيم ﴿قُلْ هُوَ اللَّهُ أَحَدٌ* اللَّهُ الصَّمَدُ* لَمْ يَلِدْ وَلَمْ يُولَدْ* وَلَمْ يَكُن لَّهُ كُف,2. بسم الله الرحمن الرحيم 3. بسم الله الرحمن الرحيم 4. قل هو الله أحد الله الصمد لم يلد ولم يولد ولم يكن له كفوًا أحد 5.,54.6%,❌ Mismatch
275,`/audios/133_03.mp3`,Evening Adhkar,Evening Adhkar (3),Evening: Sovereignty belongs to Allah,((أَمْسَيْنَا وَأَمْسَى الْمُلْكُ لِلَّهِ ، وَالْحَمْدُ لِلَّهِ، لاَ إِلَهَ إلاَّ اللَّهُ وَحْدَهُ لاَ شَرِيكَ لَهُ، لَه,1. وصبحنا وأصبح الملك لله والحمد لله لا إله إلا الله وحده لا شريك له الملك وله الحمد وهو على كل شيء قدير 2. رب أسألك خير,14.2%,❌ Mismatch
276,`/audios/133_04.mp3`,Evening Adhkar,Evening Adhkar (4),Evening: By Your leave we rise,((اللَّهُمَّ بِكَ أَمْسَيْنَا، وَبِكَ أَمْسَيْنَا ، وَبِكَ نَحْيَا، وَبِكَ نَمُوتُ وَإِلَيْكَ المَصِيرُ)). [وإذا أمسى قا,سبحنا و بك أمسينا و بك نحيا و بك نموت و إليك النشور,44.7%,❌ Mismatch
277,`/audios/133_05.mp3`,Evening Adhkar,Sayyid ul Istighfar,Evening: Sayyidul Istighfar,((اللَّهُمَّ أَنْتَ رَبِّي لَا إِلَهَ إِلاَّ أَنْتَ، خَلَقْتَنِي وَأَنَا عَبْدُكَ، وَأَنَا عَلَى عَهْدِكَ وَوَعْدِكَ مَا,اللهم أنت ربي لا إله إلا أنت خلقتني وأنا عبدك وأنا على عهدك ووعدك مستطحت أعوذ بك من شر ما صنعت أبوء لك بنعمتك عليه وأبوء,95.8%,✅ Match
278,`/audios/133_06.mp3`,Evening Adhkar,Evening Adhkar (6),Evening: Testimony (4x),((اللَّهُمَّ إِنِّي أَمْسَيْتُ أُشْهِدُكَ، وَأُشْهِدُ حَمَلَةَ عَرْشِكَ، وَمَلاَئِكَتِكَ، وَجَمِيعَ خَلْقِكَ، أَنَّكَ أَ,الأخ pilot اللهم عافني في بدني اللهم عافني في سمعي اللهم عافني في بصر لا إله إلا أنت اللهم إني أعوذ بك من الكفر والفقر و,19.9%,❌ Mismatch
279,`/audios/133_07.mp3`,Evening Adhkar,Evening Adhkar (7),Evening: Acknowledgement of Blessings,((اللَّهُمَّ مَا أَمْسَى بِي مِنْ نِعْمَةٍ أَوْ بِأَحَدٍ مِنْ خَلْقِكَ فَمِنْكَ وَحْدَكَ لاَ شَرِيكَ لَكَ، فَلَكَ الْحَم,سلاماتك لله بلحظة لا يوجد إله بحق في إبادهي إلا أنك يا الله سيكون أنا أردتك من أجل ومن أفكر أنا أردتك من أجل لا يوجد إله,14.4%,❌ Mismatch
280,`/audios/133_08.mp3`,Evening Adhkar,Evening Adhkar (8),Evening: Wellbeing (3x),((اللَّهُمَّ عَافِنِي فِي بَدَنِي، اللَّهُمَّ عَافِنِي فِي سَمْعِي، اللَّهُمَّ عَافِنِي فِي بَصَرِي، لاَ إِلَهَ إِلاَّ أ,الشيء ومليكة أشهد أن لا إله إلا أنت أعوذ بك من شر نفس ومن شر الشيطان وشركة وأن أقترف على نفسي سوء أو أجره إلى مسلم,39.1%,❌ Mismatch
281,`/audios/133_09.mp3`,Evening Adhkar,Evening Adhkar (9),Evening: Sufficient is Allah (7x),((حَسْبِيَ اللَّهُ لاَ إِلَهَ إِلاَّ هُوَ عَلَيهِ تَوَكَّلتُ وَهُوَ رَبُّ الْعَرْشِ الْعَظِيمِ)) (سَبْعَ مَرّاتٍ).,بسم الله الذي لا يضر مع اسمه شيء في الأرض ولا في السماء وهو السميع العليم,44.1%,❌ Mismatch
282,`/audios/133_10.mp3`,Evening Adhkar,Evening Adhkar (10),Evening: Worldly & Hereafter Safety,((اللَّهُمَّ إِنِّي أَسْأَلُكَ الْعَفْوَ وَالْعَافِيَةَ فِي الدُّنْيَا وَالآخِرَةِ، اللَّهُمَّ إِنِّي أَسْأَلُكَ الْعَفْ,.دنان منيبوت نام الله .يندنان نامانه .تدهada sesuatu pun .يندapat ممبهيakan .بعيك يندي بمي .موapun di langit .دialah yan,1.8%,❌ Mismatch
283,`/audios/133_11.mp3`,Evening Adhkar,Evening Adhkar (11),Evening: Protection from Self & Shaitan,((اللَّهُمَّ عَالِمَ الغَيْبِ وَالشَّهَادَةِ فَاطِرَ السَّمَوَاتِ وَالْأَرْضِ، رَبَّ كُلِّ شَيْءٍ وَمَلِيكَهُ، أَشْهَدُ,وعلى ملة أبينا إبراهيم حنيف مسلمة وما كان من المشركين,12.4%,❌ Mismatch
284,`/audios/133_12.mp3`,Evening Adhkar,Before Eating,Evening: Protection with His Name (3x),((بِسْمِ اللَّهِ الَّذِي لاَ يَضُرُّ مَعَ اسْمِهِ شَيْءٌ فِي الْأَرْضِ وَلاَ فِي السّمَاءِ وَهُوَ السَّمِيعُ الْعَلِيمُ),2. اللهم علم الغيب والشهادة فاطر السماوات والأرض رب كل شيء ومليكة أشهد أن لا إله إلا أنت أعوذ بك من شر نفسي ومن شر الشيط,28.1%,❌ Mismatch
285,`/audios/133_13.mp3`,Evening Adhkar,Evening Adhkar (13),Evening: Pleasure with Allah (3x),((رَضِيتُ بِاللَّهِ رَبَّاً، وَبِالْإِسْلاَمِ دِيناً، وَبِمُحَمَّدٍ صلى الله عليه وسلم نَبِيّاً)) (ثلاثَ مرَّاتٍ).,2. بسم الله الذي لا يضر مع اسمه شيء في الأرض ولا في السماء وهو السميع العليم,17.9%,❌ Mismatch
286,`/audios/133_14.mp3`,Evening Adhkar,Evening Adhkar (14),Evening: O Ever Living (Ya Hayyu),((يَا حَيُّ يَا قَيُّومُ بِرَحْمَتِكَ أَسْتَغيثُ أَصْلِحْ لِي شَأْنِيَ كُلَّهُ وَلاَ تَكِلْنِي إِلَى نَفْسِي طَرْفَةَ عَ,2. رضيت بالله ربا وبالإسلام دينا وبمحمد صلى الله عليه وسلم نبيا,27.3%,❌ Mismatch
287,`/audios/133_15.mp3`,Evening Adhkar,Evening Adhkar (15),Evening: Upon the Morning,((أَمْسَيْنَا وَأَمْسَى الْمُلْكُ لِلَّهِ رَبِّ الْعَالَمِينَ، اللَّهُـمَّ إِنِّي أَسْأَلُكَ خَيْرَ هَذَا الْيَوْمِ:فَتْ,2. يا حي يا قيوم برحمتك أستغيث أصلح لي شأني كله ولا تكلني إلى نفسي طرفة عين,2.8%,❌ Mismatch
288,`/audios/133_16.mp3`,Evening Adhkar,Evening Adhkar (16),Evening: Upon the Fitrah,((أَصْبَحْنا عَلَى فِطْرَةِ الْإِسْلاَمِ، وَعَلَى كَلِمَةِ الْإِخْلاَصِ، وَعَلَى دِينِ نَبِيِّنَا مُحَمَّدٍ صلى الله علي,أصبحنا وأصبح الملك لله رب العالمين اللهم إني أسألك خير هذا اليوم فتحه ونصره ونوره وبركته وهداه وأعوذ بك من شل ما فيه وشل,36.1%,❌ Mismatch
289,`/audios/133_17.mp3`,Evening Adhkar,SubhanAllah,Evening: Subhanallahi wa Bihamdihi (100x),((سُبْحَانَ اللَّهِ وَبِحَمْدِهِ)) (مائة مرَّةٍ).,8 أصبحنا على فطرة الإسلام وعلى كلمة الإخلاص وعلى دين نبينا محمد صلى الله عليه وسلم وعلى من التي أبينا إبراهيم حنيفا مسلم,18.2%,❌ Mismatch
290,`/audios/133_18.mp3`,Evening Adhkar,Evening Adhkar (18),Evening: Oneness (10x or 1x),((لاَ إِلَهَ إِلاَّ اللَّهُ وَحْدَهُ لاَ شَرِيكَ لَهُ، لَهُ الْمُلْكُ وَلَهُ الْحَمْدُ، وَهُوَ عَلَى كُلِّ شَيْءٍ قَدِير,سبحان الله وبحمده,19.5%,❌ Mismatch
291,`/audios/133_19.mp3`,Evening Adhkar,La ilaha illallah,Evening: Oneness (100x),((لاَ إِلَهَ إِلاَّ اللَّهُ، وَحْدَهُ لاَ شَرِيكَ لَهُ، لَهُ الْمُلْكُ وَلَهُ الْحَمْدُ وَهُوَ عَلَى كُلِّ شَيْءٍ قَدِير,2. لا إله إلا الله وحده لا شريك له له الملك وله الحمد وهو على كل شيء قدير,87.5%,✅ Match
292,`/audios/133_20.mp3`,Evening Adhkar,Evening Adhkar (20),Evening: Glorification (3x),((سُبْحَانَ اللَّهِ وَبِحَمْدِهِ: عَدَدَ خَلْقِهِ، وَرِضَا نَفْسِهِ، وَزِنَةَ عَرْشِهِ، وَمِدَادَ كَلِمَاتِهِ)) (ثلاثَ م,2. لا إله إلا الله وحده لا شريك له له الملك وله الحمد وهو على كل شيء قدير,37.1%,❌ Mismatch
293,`/audios/133_21.mp3`,Evening Adhkar,Istighfar,Evening: Knowledge & Provisions,((أَسْتَغْفِرُ اللَّهَ وَأَتُوبُ إِلَيْهِ)) (مِائَةَ مَرَّةٍ فِي الْيَوْمِ).,سبحان الله وبحمده عدد خلقه ودضانفسه وزنة عرشه ومداد كلماته,36.7%,❌ Mismatch
294,`/audios/133_22.mp3`,Evening Adhkar,Evening Adhkar (22),Evening: Istighfar (100x),((اللَّهُمَّ صَلِّ وَسَلِّمْ عَلَى نَبَيِّنَا مُحَمَّدٍ)) (عشرَ مرَّاتٍ).,111- اللهم إني أسألك علم النافعة ورزقا طيبة وعملا متقبلا,43.2%,❌ Mismatch
295,`/audios/133_23.mp3`,Evening Adhkar,Protection from Evil Eye,Evening: Salutations (10x),أَعُوذُ بِكَلِمَاتِ اللهِ التَّامَّاتِ مِنْ شَرِّ مَا خَلَقَ,أستغفر الله وأتوب إليه,37.3%,❌ Mismatch
296,`/audios/133_24.mp3`,Evening Adhkar,Alhamdulillah,Alhamdulillah,اَلْحَمْدُ لِلهِ وَحْدَهُ، وَالصَّلاَةُ وَالسَّلاَمُ عَلَى مَنْ لاَ نَبِيَّ بَعْدَهُ,أعوذ بكلمات الله التامات من شر ما خلق,34.5%,❌ Mismatch
297,`/audios/133_25.mp3`,Evening Adhkar,Evening Adhkar (25),"O Allahu im, mëshiroje dhe...",اَللَّهُمَّ صَلِّ وَسَلِّمْ عَلَى نَبَيِّنَا مُحَمَّدٍ,اللهم صل وسلم على نبينا محمد,100.0%,✅ Match
